client_name,invoice_count,avg_amount,avg_remaining,avg_delay,on_time_percentage,very_late_payments,predicted_label
Adrien Perrin,10,11942.847,9074.633,46.1,0.0,7,2ND_DEGREE_BAD_CLIENT
Baptiste Blanc,5,1999.1559999999997,373.22799999999995,3.8,60.0,0,AVERAGE_CLIENT
Louis Garnier,5,3077.054,499.27200000000005,3.4,80.0,0,AVERAGE_CLIENT
Sarah Michel,6,2026.4983333333332,340.1583333333333,4.833333333333333,33.33333333333333,0,AVERAGE_CLIENT
Jerome Philippe,8,12497.19875,9892.5,62.833333333333336,0.0,5,3RD_DEGREE_BAD_CLIENT
Jean Muller,9,3921.513333333334,641.1366666666668,6.5,66.66666666666666,0,AVERAGE_CLIENT
Marie Chevalier,12,8342.749166666666,2933.19,44.6,10.0,6,1ST_DEGREE_BAD_CLIENT
Marc Gerard,9,11713.236666666668,6857.927777777778,46.75,12.5,5,2ND_DEGREE_BAD_CLIENT
Marc Martin,5,2750.582,514.274,-1.2,60.0,0,AVERAGE_CLIENT
Nathalie Renaud,5,7043.924000000001,2498.3900000000003,48.333333333333336,0.0,2,1ST_DEGREE_BAD_CLIENT
Stephane Faure,3,3508.06,1021.2000000000002,7.666666666666667,66.66666666666666,0,AVERAGE_CLIENT
Louis Morin,9,10836.755555555555,6375.027777777778,57.285714285714285,0.0,5,2ND_DEGREE_BAD_CLIENT
Aurelie Robin,6,2732.9533333333334,387.7916666666667,16.0,20.0,0,AVERAGE_CLIENT
Adrien Dubois,4,4211.2375,764.6375,7.5,50.0,0,AVERAGE_CLIENT
Sarah Chevalier,11,13048.798181818182,10118.49,70.44444444444444,0.0,9,3RD_DEGREE_BAD_CLIENT
Stephane Philippe,9,2169.0533333333333,341.2766666666667,3.375,50.0,0,AVERAGE_CLIENT
Adrien Martin,13,12353.988461538462,9501.803846153845,65.18181818181819,0.0,11,2ND_DEGREE_BAD_CLIENT
Isabelle Brun,3,4226.66,778.2266666666668,7.0,50.0,0,AVERAGE_CLIENT
Antoine Perrot,3,2276.8066666666664,619.9733333333334,10.0,50.0,0,AVERAGE_CLIENT
Julie Guerin,9,9081.42888888889,3413.742222222222,52.666666666666664,16.666666666666664,4,2ND_DEGREE_BAD_CLIENT
Jerome Lefevre,4,2936.3599999999997,699.81,1.0,33.33333333333333,0,AVERAGE_CLIENT
Corinne Faure,6,2378.2833333333333,169.6183333333333,11.6,20.0,0,AVERAGE_CLIENT
Olivier Dupont,10,11736.172,5743.352,53.44444444444444,11.11111111111111,6,2ND_DEGREE_BAD_CLIENT
Marie Perrin,4,1268.4925,13.615,1.25,50.0,0,AVERAGE_CLIENT
Hugo Blanc,5,3536.192,846.366,16.25,0.0,0,AVERAGE_CLIENT
Isabelle Philippe,5,2869.784,390.742,12.25,50.0,0,AVERAGE_CLIENT
Baptiste Garnier,8,10853.82875,6722.432500000001,44.57142857142857,0.0,4,2ND_DEGREE_BAD_CLIENT
Anne Garcia,5,1124.04,95.244,2.6,80.0,0,AVERAGE_CLIENT
Baptiste Masson,3,1556.743333333333,64.56,-3.0,66.66666666666666,0,AVERAGE_CLIENT
Marc Dubois,7,14071.341428571428,11815.451428571427,61.0,0.0,4,2ND_DEGREE_BAD_CLIENT
Hugo Brun,3,3975.0733333333337,565.6266666666667,10.0,33.33333333333333,0,AVERAGE_CLIENT
Laura Lefevre,6,3086.6216666666664,618.65,17.0,40.0,0,AVERAGE_CLIENT
Romain Masson,3,2151.4966666666664,69.92666666666666,9.5,50.0,0,AVERAGE_CLIENT
Claire Guerin,6,12800.086666666664,6801.846666666667,41.4,20.0,2,1ST_DEGREE_BAD_CLIENT
Sebastien Masson,15,12864.094000000001,7455.2660000000005,50.857142857142854,14.285714285714285,10,2ND_DEGREE_BAD_CLIENT
Aurelie Renaud,4,3359.8374999999996,463.29,1.0,0.0,0,AVERAGE_CLIENT
Marion Bernard,12,13422.411666666667,10233.149166666666,55.416666666666664,0.0,10,3RD_DEGREE_BAD_CLIENT
Julie Brun,8,7863.505,3250.7225,42.0,0.0,3,2ND_DEGREE_BAD_CLIENT
Jean Garcia,11,14079.983636363637,11349.196363636363,67.33333333333333,0.0,8,3RD_DEGREE_BAD_CLIENT
Julie Lefevre,6,2981.3916666666664,620.28,13.0,33.33333333333333,1,1ST_DEGREE_BAD_CLIENT
Manon Gauthier,2,1990.6200000000001,653.97,-5.0,100.0,0,EXCELLENT_CLIENT
Luc Brun,14,11085.668571428572,9101.155,53.46153846153846,0.0,10,2ND_DEGREE_BAD_CLIENT
Olivier Morin,5,2669.3779999999997,434.4219999999999,11.2,20.0,1,1ST_DEGREE_BAD_CLIENT
Adrien Faure,8,13432.885,10057.20375,60.8,0.0,5,3RD_DEGREE_BAD_CLIENT
Sophie Garcia,11,12037.620909090909,7074.162727272728,55.18181818181818,0.0,8,2ND_DEGREE_BAD_CLIENT
Jerome Guerin,8,2646.1875,452.11875,10.25,37.5,0,AVERAGE_CLIENT
Marc Masson,6,3238.581666666667,683.9466666666667,0.0,40.0,0,AVERAGE_CLIENT
Valerie Gauthier,13,10688.893076923076,8674.304615384615,66.5,0.0,10,2ND_DEGREE_BAD_CLIENT
Jean Guerin,2,2008.71,0.0,-1.0,50.0,0,AVERAGE_CLIENT
Valerie Petit,7,7769.814285714286,3242.871428571428,32.714285714285715,14.285714285714285,3,1ST_DEGREE_BAD_CLIENT
Jerome Renaud,13,11394.717692307691,9402.79,55.0,0.0,9,2ND_DEGREE_BAD_CLIENT
Manon Garnier,4,3823.0,525.6225,7.0,66.66666666666666,0,AVERAGE_CLIENT
Louis Lefevre,19,11822.528947368422,9776.703157894735,61.86666666666667,0.0,13,3RD_DEGREE_BAD_CLIENT
Aurelie Lefevre,5,12252.788,7231.289999999999,51.4,0.0,3,1ST_DEGREE_BAD_CLIENT
Vincent Bernard,4,1441.8674999999998,152.54,-1.0,75.0,0,AVERAGE_CLIENT
Adrien Lefevre,2,1626.56,157.37,-2.0,100.0,0,EXCELLENT_CLIENT
Emma Philippe,10,7659.816000000001,3004.405,44.44444444444444,11.11111111111111,5,1ST_DEGREE_BAD_CLIENT
Damien Dubois,3,764.41,96.49666666666667,-3.0,66.66666666666666,0,AVERAGE_CLIENT
Olivier Perrin,8,12775.8675,7879.38125,45.6,20.0,3,2ND_DEGREE_BAD_CLIENT
Sarah Perrin,4,7700.6075,2718.7799999999997,36.333333333333336,33.33333333333333,2,1ST_DEGREE_BAD_CLIENT
Marion Marchand,5,2827.294,286.36199999999997,19.8,20.0,0,AVERAGE_CLIENT
Anne Muller,4,3607.285,504.68,15.5,25.0,0,AVERAGE_CLIENT
Romain Renaud,6,2911.213333333333,445.32,11.0,16.666666666666664,0,AVERAGE_CLIENT
Baptiste Morin,5,2686.966,533.0960000000001,0.0,33.33333333333333,0,AVERAGE_CLIENT
Sarah Bernard,5,10542.23,6014.772,61.0,0.0,5,1ST_DEGREE_BAD_CLIENT
Alexandre Lefevre,3,3752.646666666666,683.3533333333334,8.0,50.0,0,AVERAGE_CLIENT
Anne Marchand,1,2835.77,382.28,0.0,100.0,0,EXCELLENT_CLIENT
Marc Rousseau,10,9720.270999999999,7830.192,52.111111111111114,0.0,7,2ND_DEGREE_BAD_CLIENT
Elodie Michel,8,2884.59625,450.57124999999996,-0.16666666666666666,50.0,0,AVERAGE_CLIENT
Celine Renaud,6,7291.31,2665.69,39.0,0.0,3,1ST_DEGREE_BAD_CLIENT
Celine Rousseau,6,3950.1133333333332,629.42,14.833333333333334,33.33333333333333,0,AVERAGE_CLIENT
Nathalie Gauthier,8,2956.64625,501.4,5.0,50.0,0,AVERAGE_CLIENT
Vincent Morin,9,12360.127777777778,6746.027777777778,38.285714285714285,14.285714285714285,3,2ND_DEGREE_BAD_CLIENT
Emma Chevalier,6,9266.211666666666,3668.8133333333335,50.4,0.0,3,1ST_DEGREE_BAD_CLIENT
Sophie Bernard,6,8324.096666666666,3574.828333333333,44.333333333333336,0.0,2,1ST_DEGREE_BAD_CLIENT
Pierre Martin,11,10815.406363636364,6413.797272727273,55.3,10.0,7,2ND_DEGREE_BAD_CLIENT
Stephane Brun,3,1852.1999999999998,70.62666666666667,-0.6666666666666666,66.66666666666666,0,AVERAGE_CLIENT
Laura Masson,4,7313.042500000001,3396.4475,47.75,0.0,2,1ST_DEGREE_BAD_CLIENT
Antoine Petit,6,3993.2133333333336,509.81333333333333,17.5,16.666666666666664,1,1ST_DEGREE_BAD_CLIENT
Marie Philippe,13,12171.899230769232,7112.096923076922,59.3,0.0,8,2ND_DEGREE_BAD_CLIENT
Adrien Blanc,3,3217.8700000000003,460.25666666666666,-1.6666666666666667,66.66666666666666,0,AVERAGE_CLIENT
Claire Chevalier,6,11083.269999999999,6691.315,57.166666666666664,0.0,3,1ST_DEGREE_BAD_CLIENT
Louis Moreau,3,1117.2533333333333,121.60000000000001,5.0,50.0,0,AVERAGE_CLIENT
Anne Lefevre,2,956.6099999999999,44.61,2.0,0.0,0,AVERAGE_CLIENT
Amelie Perrot,7,9631.968571428572,4282.178571428572,57.5,0.0,3,1ST_DEGREE_BAD_CLIENT
Laura Guerin,15,14864.948000000002,12044.698666666667,51.333333333333336,0.0,7,3RD_DEGREE_BAD_CLIENT
Jerome Morin,3,9228.876666666667,3867.75,58.0,0.0,3,1ST_DEGREE_BAD_CLIENT
Antoine Garnier,13,12005.713846153845,9843.722307692307,65.46153846153847,0.0,11,3RD_DEGREE_BAD_CLIENT
Paul Brun,5,10297.367999999999,6334.476000000001,71.8,0.0,5,1ST_DEGREE_BAD_CLIENT
Corinne David,6,11991.22166666667,7105.716666666667,68.0,0.0,5,1ST_DEGREE_BAD_CLIENT
Thomas Blanc,2,1399.6799999999998,87.85,-2.5,100.0,0,EXCELLENT_CLIENT
Camille Petit,6,3268.286666666667,573.9216666666666,14.0,25.0,0,AVERAGE_CLIENT
Marion Brun,4,3571.4700000000003,477.83500000000004,6.5,25.0,0,AVERAGE_CLIENT
Manon Morin,4,3078.2075000000004,452.0725,5.25,50.0,0,AVERAGE_CLIENT
Corinne Moreau,5,7271.874000000001,2724.138,65.5,0.0,4,1ST_DEGREE_BAD_CLIENT
Vincent Petit,7,13095.557142857142,7468.601428571428,50.5,0.0,4,1ST_DEGREE_BAD_CLIENT
Valerie Laurent,7,3954.662857142858,662.5328571428571,6.8,60.0,0,AVERAGE_CLIENT
Camille Garcia,6,3531.9183333333335,427.86833333333334,-1.3333333333333333,66.66666666666666,0,AVERAGE_CLIENT
Sebastien Moreau,4,9345.06,4096.4275,64.33333333333333,0.0,3,1ST_DEGREE_BAD_CLIENT
Corinne Martin,8,9918.23,5356.342500000001,52.857142857142854,0.0,5,2ND_DEGREE_BAD_CLIENT
Paul Bernard,8,3639.085,783.4124999999999,4.428571428571429,42.857142857142854,0,AVERAGE_CLIENT
Laura David,4,1457.01,304.265,2.75,50.0,0,AVERAGE_CLIENT
Thomas Philippe,15,11264.611333333334,8962.06666666667,57.07142857142857,0.0,12,2ND_DEGREE_BAD_CLIENT
Marion Robin,6,3553.021666666667,795.1933333333333,17.0,40.0,1,1ST_DEGREE_BAD_CLIENT
Jerome Chevalier,5,1176.482,118.606,-1.0,60.0,0,AVERAGE_CLIENT
Laura Marchand,5,2792.138,543.478,14.2,40.0,0,AVERAGE_CLIENT
Romain Morin,6,3967.683333333334,769.7266666666666,8.833333333333334,16.666666666666664,0,AVERAGE_CLIENT
Marc Michel,8,6837.5625,2736.97375,54.0,14.285714285714285,5,1ST_DEGREE_BAD_CLIENT
Luc Perrot,6,8419.885,2785.28,17.75,25.0,0,AVERAGE_CLIENT
Amelie Brun,7,7962.651428571428,3124.1514285714284,48.285714285714285,0.0,3,1ST_DEGREE_BAD_CLIENT
Marie Martin,8,3174.3925,374.6375,1.25,75.0,0,AVERAGE_CLIENT
Damien Masson,12,12593.834166666667,10061.593333333334,58.666666666666664,0.0,9,3RD_DEGREE_BAD_CLIENT
Adrien Michel,13,10022.72076923077,8817.31923076923,60.125,0.0,6,2ND_DEGREE_BAD_CLIENT
Laura Moreau,6,2656.695,462.73499999999996,10.666666666666666,50.0,0,AVERAGE_CLIENT
Anne Blanc,3,1468.7266666666667,97.09666666666668,-3.3333333333333335,100.0,0,EXCELLENT_CLIENT
Julie Muller,4,1243.5625,82.47,-1.75,100.0,0,EXCELLENT_CLIENT
Baptiste Leclerc,3,1427.4233333333332,106.24666666666666,-2.3333333333333335,100.0,0,EXCELLENT_CLIENT
Nathalie Dubois,4,1709.915,89.97749999999999,-3.25,100.0,0,EXCELLENT_CLIENT
Romain David,7,2786.075714285714,504.59999999999997,6.0,40.0,0,AVERAGE_CLIENT
Helene Bernard,6,2895.9266666666667,570.1899999999999,6.0,66.66666666666666,0,AVERAGE_CLIENT
Elodie Dupont,6,2140.5416666666665,397.97333333333336,2.3333333333333335,33.33333333333333,0,AVERAGE_CLIENT
Manon Lefevre,6,1770.36,331.3566666666666,18.0,33.33333333333333,0,AVERAGE_CLIENT
Alexandre Masson,2,2731.99,737.31,,0.0,0,AVERAGE_CLIENT
Romain Petit,2,2072.815,394.965,-4.0,100.0,0,EXCELLENT_CLIENT
Nathalie Perrot,5,443.296,87.476,-1.0,60.0,0,AVERAGE_CLIENT
Thomas Masson,6,1174.61,22.916666666666668,-2.3333333333333335,83.33333333333334,0,AVERAGE_CLIENT
Sarah Leclerc,6,7432.103333333333,3262.6583333333333,53.8,0.0,4,1ST_DEGREE_BAD_CLIENT
Sophie Leclerc,5,2049.866,340.87,12.25,50.0,0,AVERAGE_CLIENT
Celine Blanc,14,13232.747142857144,9802.492142857143,60.0,0.0,9,3RD_DEGREE_BAD_CLIENT
Alexandre Gauthier,8,8148.477500000001,3134.63625,37.875,12.5,3,1ST_DEGREE_BAD_CLIENT
Stephane Gerard,2,978.615,2.405,-0.5,50.0,0,AVERAGE_CLIENT
Isabelle Michel,9,12699.220000000001,7857.323333333334,48.5,0.0,5,2ND_DEGREE_BAD_CLIENT
Sophie Brun,2,1232.29,130.51500000000001,-4.0,100.0,0,EXCELLENT_CLIENT
Celine Garnier,6,2891.7450000000003,267.64666666666665,10.333333333333334,50.0,0,AVERAGE_CLIENT
Sebastien Perrin,7,14449.471428571429,8679.32,49.5,16.666666666666664,4,1ST_DEGREE_BAD_CLIENT
Marion Garcia,1,627.15,0.0,-1.0,100.0,0,EXCELLENT_CLIENT
Marie Faure,7,3109.9785714285713,484.56142857142856,3.7142857142857144,57.14285714285714,0,AVERAGE_CLIENT
Stephane Muller,7,3103.7542857142857,769.2771428571428,10.4,20.0,0,AVERAGE_CLIENT
Adrien Laurent,5,3499.2,293.88,0.6,20.0,0,AVERAGE_CLIENT
Emma Faure,7,2393.5185714285717,284.67285714285714,16.5,0.0,0,AVERAGE_CLIENT
Damien Moreau,12,12276.287499999999,9701.014166666666,53.4,0.0,5,2ND_DEGREE_BAD_CLIENT
Antoine Philippe,11,13131.163636363635,8443.79,53.625,12.5,6,2ND_DEGREE_BAD_CLIENT
Camille Renaud,4,1465.15,31.479999999999997,-1.0,75.0,0,AVERAGE_CLIENT
Aurelie Gauthier,8,2262.8812500000004,185.82375000000002,-0.5,75.0,0,AVERAGE_CLIENT
Celine Gerard,4,1474.6075,60.065,-0.75,50.0,0,AVERAGE_CLIENT
Sebastien Blanc,1,745.23,0.0,2.0,0.0,0,AVERAGE_CLIENT
Damien Laurent,14,15139.650714285715,12489.72785714286,54.7,0.0,6,3RD_DEGREE_BAD_CLIENT
Marion Garnier,3,2388.5766666666664,445.14333333333326,14.666666666666666,33.33333333333333,0,AVERAGE_CLIENT
Nathalie Dupont,15,12218.486666666666,9573.611333333332,57.23076923076923,0.0,11,2ND_DEGREE_BAD_CLIENT
Nicolas Laurent,11,12572.155454545455,7103.162727272728,58.3,0.0,8,2ND_DEGREE_BAD_CLIENT
Antoine Morin,5,3749.112,403.78599999999994,12.0,75.0,1,1ST_DEGREE_BAD_CLIENT
Isabelle Guerin,2,2603.045,246.68,-3.0,100.0,0,EXCELLENT_CLIENT
Anne Morin,13,11622.43,9388.751538461538,62.8,0.0,9,2ND_DEGREE_BAD_CLIENT
Manon Robin,5,13790.265999999998,10853.824,60.0,0.0,3,2ND_DEGREE_BAD_CLIENT
Baptiste Muller,5,7586.589999999999,2903.214,58.333333333333336,0.0,3,1ST_DEGREE_BAD_CLIENT
Baptiste Perrot,5,2682.114,416.142,-0.5,50.0,0,AVERAGE_CLIENT
Laura Gerard,8,4397.975,1010.10625,18.0,40.0,0,AVERAGE_CLIENT
Romain Robin,10,11419.767,8790.403999999999,65.875,0.0,8,2ND_DEGREE_BAD_CLIENT
Damien Gauthier,3,11094.543333333335,4364.44,40.0,0.0,1,1ST_DEGREE_BAD_CLIENT
Elodie David,5,1590.654,0.0,-0.6,80.0,0,AVERAGE_CLIENT
Marion Leclerc,4,878.1524999999999,33.86,-0.5,50.0,0,AVERAGE_CLIENT
Marc Bernard,6,3046.395,549.7383333333333,6.4,60.0,0,AVERAGE_CLIENT
Olivier Perrot,11,12604.282727272728,9677.619090909091,58.8,0.0,8,3RD_DEGREE_BAD_CLIENT
Elodie Rousseau,2,1210.2,96.98,1.5,0.0,0,AVERAGE_CLIENT
Antoine Chevalier,7,2178.917142857143,342.43,9.5,50.0,0,AVERAGE_CLIENT
Marion Guerin,3,1679.2866666666666,67.28333333333333,-2.6666666666666665,100.0,0,EXCELLENT_CLIENT
Damien Robin,13,11916.827692307694,9650.716153846153,70.63636363636364,0.0,10,3RD_DEGREE_BAD_CLIENT
Valerie Garnier,1,2015.99,0.0,0.0,100.0,0,EXCELLENT_CLIENT
Corinne Guerin,4,3454.75,348.36249999999995,10.0,25.0,0,AVERAGE_CLIENT
Vincent Gauthier,6,2946.153333333333,266.4316666666667,6.166666666666667,50.0,0,AVERAGE_CLIENT
Sarah Gerard,4,9700.79,2961.735,51.0,0.0,1,1ST_DEGREE_BAD_CLIENT
Adrien Bernard,3,3727.6366666666668,353.2633333333333,0.6666666666666666,33.33333333333333,0,AVERAGE_CLIENT
Sarah Rousseau,6,1536.6516666666664,155.64000000000001,-2.0,100.0,0,EXCELLENT_CLIENT
Emma Garcia,2,719.115,125.695,1.5,0.0,0,AVERAGE_CLIENT
Jerome Laurent,14,12557.458571428573,8135.854999999999,54.69230769230769,0.0,9,2ND_DEGREE_BAD_CLIENT
Stephane Moreau,11,12540.544545454548,7447.620000000001,64.88888888888889,0.0,9,2ND_DEGREE_BAD_CLIENT
Marie Leclerc,7,7205.527142857143,2730.4628571428575,48.714285714285715,0.0,4,1ST_DEGREE_BAD_CLIENT
Luc Faure,6,7663.343333333333,3136.348333333333,36.0,25.0,2,1ST_DEGREE_BAD_CLIENT
Paul Muller,8,2716.6312500000004,426.87625,-0.8571428571428571,57.14285714285714,0,AVERAGE_CLIENT
Louis Rousseau,4,2269.3625,280.02,12.333333333333334,33.33333333333333,0,AVERAGE_CLIENT
Aurelie Leclerc,12,13427.792500000001,10283.1325,67.3,0.0,8,3RD_DEGREE_BAD_CLIENT
Paul Robin,6,3263.6583333333333,656.6183333333332,0.8333333333333334,83.33333333333334,0,AVERAGE_CLIENT
Paul Dupont,9,15810.21777777778,10737.935555555558,56.0,0.0,5,3RD_DEGREE_BAD_CLIENT
Helene Brun,3,1091.98,55.02,-2.0,100.0,0,EXCELLENT_CLIENT
Damien David,2,3314.165,160.97500000000002,6.5,50.0,0,AVERAGE_CLIENT
Luc Leclerc,8,7588.185,2712.5975,50.42857142857143,0.0,4,1ST_DEGREE_BAD_CLIENT
Emma Martin,6,7379.535000000001,3024.4466666666667,33.0,33.33333333333333,3,1ST_DEGREE_BAD_CLIENT
Jean Dubois,5,9492.414,3723.4019999999996,41.2,20.0,3,1ST_DEGREE_BAD_CLIENT
Olivier Renaud,7,11025.13142857143,7171.594285714285,66.8,0.0,5,1ST_DEGREE_BAD_CLIENT
Baptiste Perrin,7,9331.657142857142,5184.787142857143,57.0,0.0,4,1ST_DEGREE_BAD_CLIENT
Jerome Martin,4,2419.5975,468.2125,23.0,0.0,0,AVERAGE_CLIENT
Adrien Moreau,5,1774.1419999999998,261.402,7.0,20.0,0,AVERAGE_CLIENT
Pierre Chevalier,5,2380.084,165.724,0.0,40.0,0,AVERAGE_CLIENT
Marion Perrin,7,2961.6485714285714,233.45714285714283,14.857142857142858,14.285714285714285,0,AVERAGE_CLIENT
Aurelie Martin,2,1422.7849999999999,12.005,-1.0,100.0,0,EXCELLENT_CLIENT
Manon Masson,5,2783.5899999999997,515.7819999999999,13.8,40.0,0,AVERAGE_CLIENT
Elodie Renaud,21,11863.692857142856,9301.174761904762,60.27777777777778,0.0,14,2ND_DEGREE_BAD_CLIENT
Claire Marchand,3,1157.3866666666665,66.95,22.5,50.0,0,AVERAGE_CLIENT
Baptiste Renaud,4,4306.1175,592.2950000000001,9.333333333333334,66.66666666666666,0,AVERAGE_CLIENT
Valerie Philippe,15,12254.997333333335,9384.217333333332,63.583333333333336,0.0,11,2ND_DEGREE_BAD_CLIENT
Damien Blanc,14,11366.279285714287,9042.559285714286,52.09090909090909,0.0,9,2ND_DEGREE_BAD_CLIENT
Camille Michel,8,2910.25625,350.92375000000004,11.166666666666666,33.33333333333333,0,AVERAGE_CLIENT
Hugo Philippe,6,10155.766666666668,6499.638333333333,71.75,0.0,4,1ST_DEGREE_BAD_CLIENT
Manon Martin,6,10021.466666666667,5964.331666666666,59.5,0.0,5,1ST_DEGREE_BAD_CLIENT
Julie Faure,6,3924.0733333333337,701.2633333333333,10.333333333333334,33.33333333333333,0,AVERAGE_CLIENT
Amelie Blanc,6,2919.0399999999995,557.0166666666668,4.833333333333333,33.33333333333333,0,AVERAGE_CLIENT
Stephane Perrin,4,3034.6724999999997,159.6875,0.5,50.0,0,AVERAGE_CLIENT
Paul Dubois,5,2866.368,295.59000000000003,11.0,50.0,0,AVERAGE_CLIENT
Sophie Muller,5,3398.9700000000003,452.45199999999994,3.6666666666666665,33.33333333333333,0,AVERAGE_CLIENT
Helene Michel,1,2092.34,0.0,-2.0,100.0,0,EXCELLENT_CLIENT
Nicolas Marchand,4,3007.6675,416.55499999999995,7.5,0.0,0,AVERAGE_CLIENT
Paul Gerard,6,1342.6366666666665,101.10333333333331,-2.1666666666666665,83.33333333333334,0,AVERAGE_CLIENT
Adrien Rousseau,5,2048.598,80.63399999999999,0.0,40.0,0,AVERAGE_CLIENT
Olivier Blanc,7,8278.464285714286,3280.2371428571428,47.666666666666664,0.0,3,1ST_DEGREE_BAD_CLIENT
Vincent Laurent,7,7709.411428571429,3285.587142857142,51.833333333333336,0.0,4,1ST_DEGREE_BAD_CLIENT
Alexandre Brun,3,731.0899999999998,1.3433333333333335,-4.0,100.0,0,EXCELLENT_CLIENT
Amelie Bernard,6,4567.855,803.9966666666666,3.3333333333333335,50.0,0,AVERAGE_CLIENT
Amelie Dupont,2,3326.945,410.205,14.5,0.0,0,AVERAGE_CLIENT
Aurelie Moreau,5,14311.866,7838.661999999999,59.75,0.0,4,1ST_DEGREE_BAD_CLIENT
Louis Dupont,6,2986.77,357.55833333333334,11.5,0.0,0,AVERAGE_CLIENT
Damien Bernard,3,3571.183333333333,315.49,9.5,50.0,0,AVERAGE_CLIENT
Valerie Perrot,14,11144.635714285714,6424.520714285715,48.30769230769231,7.6923076923076925,8,2ND_DEGREE_BAD_CLIENT
Valerie Blanc,9,7131.151111111111,2964.6766666666667,45.285714285714285,0.0,5,1ST_DEGREE_BAD_CLIENT
Aurelie Bernard,2,1614.7600000000002,388.83,0.5,50.0,0,AVERAGE_CLIENT
Emma David,9,12348.673333333332,10321.019999999997,62.75,0.0,7,3RD_DEGREE_BAD_CLIENT
Adrien Gauthier,4,2026.77,286.005,-1.0,75.0,0,AVERAGE_CLIENT
Marie Perrot,16,12039.710625,9151.37125,61.0,0.0,11,2ND_DEGREE_BAD_CLIENT
Sarah Muller,6,2663.9833333333336,379.17333333333335,2.5,66.66666666666666,0,AVERAGE_CLIENT
Sarah Robin,5,3359.924,503.204,14.0,25.0,0,AVERAGE_CLIENT
Stephane Perrot,4,9482.075,4077.4025,42.25,25.0,2,1ST_DEGREE_BAD_CLIENT
Antoine Robin,2,1835.99,246.51000000000002,1.0,0.0,0,AVERAGE_CLIENT
Elodie Gauthier,2,398.57000000000005,0.0,-2.0,100.0,0,EXCELLENT_CLIENT
Stephane Martin,4,2561.3450000000003,304.64,11.5,25.0,0,AVERAGE_CLIENT
Damien Michel,5,2762.2340000000004,364.69,32.0,33.33333333333333,1,1ST_DEGREE_BAD_CLIENT
Nathalie Michel,5,8389.104000000001,3168.776,54.0,0.0,3,1ST_DEGREE_BAD_CLIENT
Anne Brun,1,2470.24,0.0,1.0,0.0,0,AVERAGE_CLIENT
Claire Morin,5,1581.294,101.154,-1.2,80.0,0,AVERAGE_CLIENT
Stephane Bernard,6,8603.613333333333,3022.61,51.0,0.0,4,1ST_DEGREE_BAD_CLIENT
Jean Laurent,8,7930.5075,2842.7962500000003,47.5,0.0,4,1ST_DEGREE_BAD_CLIENT
Luc Moreau,6,1968.41,228.66166666666666,19.166666666666668,16.666666666666664,0,AVERAGE_CLIENT
Louis Dubois,1,3531.62,337.23,12.0,0.0,0,AVERAGE_CLIENT
Marie Lefevre,6,1967.0516666666665,346.135,13.0,40.0,0,AVERAGE_CLIENT
Paul Leclerc,4,3185.5674999999997,778.2624999999999,8.333333333333334,33.33333333333333,0,AVERAGE_CLIENT
Amelie Philippe,8,8339.80375,3295.7612500000005,36.333333333333336,0.0,2,2ND_DEGREE_BAD_CLIENT
Nathalie Martin,6,9138.906666666668,7571.818333333334,57.6,0.0,4,1ST_DEGREE_BAD_CLIENT
Julie Philippe,9,12340.365555555554,9417.416666666666,52.57142857142857,0.0,5,2ND_DEGREE_BAD_CLIENT
Julie Renaud,13,13002.274615384613,7286.773846153846,48.15384615384615,7.6923076923076925,6,2ND_DEGREE_BAD_CLIENT
Manon Guerin,10,11673.691,7154.6630000000005,46.0,0.0,4,2ND_DEGREE_BAD_CLIENT
Isabelle Lefevre,14,11964.53142857143,9854.575714285715,58.6,0.0,8,3RD_DEGREE_BAD_CLIENT
Claire Muller,7,2665.132857142857,560.1371428571429,4.166666666666667,83.33333333333334,0,AVERAGE_CLIENT
Baptiste Petit,7,2109.075714285714,280.49142857142857,3.8,60.0,0,AVERAGE_CLIENT
Isabelle Robin,8,8509.154999999999,3497.22375,43.42857142857143,0.0,3,2ND_DEGREE_BAD_CLIENT
Claire Philippe,3,9493.636666666667,4848.610000000001,43.5,0.0,1,1ST_DEGREE_BAD_CLIENT
Sophie Chevalier,3,3813.2299999999996,722.6033333333334,5.333333333333333,66.66666666666666,0,AVERAGE_CLIENT
Celine Brun,6,6830.8949999999995,2882.7983333333336,38.5,0.0,2,1ST_DEGREE_BAD_CLIENT
Sarah Renaud,4,1773.965,120.84750000000001,0.25,25.0,0,AVERAGE_CLIENT
Emma Morin,4,2593.4725000000003,716.48,17.0,0.0,0,AVERAGE_CLIENT
Helene Martin,4,1688.1599999999999,92.2375,-1.5,75.0,0,AVERAGE_CLIENT
Manon Renaud,6,6490.639999999999,2658.0816666666665,42.75,25.0,2,1ST_DEGREE_BAD_CLIENT
Thomas Michel,13,11372.767692307692,7734.857692307693,66.36363636363636,0.0,10,2ND_DEGREE_BAD_CLIENT
Vincent Lefevre,4,2728.79,550.415,14.5,50.0,0,AVERAGE_CLIENT
Jerome David,4,3476.2,963.5825,4.666666666666667,66.66666666666666,0,AVERAGE_CLIENT
Olivier Moreau,9,1558.0466666666666,70.45555555555555,-1.2222222222222223,55.55555555555556,0,AVERAGE_CLIENT
Laura Dubois,14,12500.31,9633.570000000002,56.166666666666664,0.0,9,2ND_DEGREE_BAD_CLIENT
Adrien Philippe,7,7129.388571428572,2458.9942857142855,43.142857142857146,14.285714285714285,4,1ST_DEGREE_BAD_CLIENT
Romain Garcia,4,7861.022500000001,3250.585,40.75,25.0,3,1ST_DEGREE_BAD_CLIENT
Damien Gerard,13,10435.17846153846,8932.23,56.333333333333336,0.0,8,2ND_DEGREE_BAD_CLIENT
Vincent Perrot,3,2224.0933333333337,646.12,-1.6666666666666667,66.66666666666666,0,AVERAGE_CLIENT
Antoine Brun,5,3880.2980000000002,679.0120000000001,6.4,20.0,0,AVERAGE_CLIENT
Antoine Gauthier,7,7828.778571428571,2712.0071428571428,30.142857142857142,28.57142857142857,2,1ST_DEGREE_BAD_CLIENT
Aurelie Garnier,4,3238.0875,292.67249999999996,32.666666666666664,0.0,0,AVERAGE_CLIENT
Valerie Morin,6,6932.7266666666665,2372.6733333333336,36.0,16.666666666666664,2,1ST_DEGREE_BAD_CLIENT
Antoine Masson,3,5049.38,2151.036666666667,38.333333333333336,33.33333333333333,2,1ST_DEGREE_BAD_CLIENT
Stephane David,4,1296.8725,11.71,-1.0,75.0,0,AVERAGE_CLIENT
Pierre Garnier,11,9702.94,5673.778181818182,49.9,10.0,7,2ND_DEGREE_BAD_CLIENT
Olivier Marchand,4,2299.575,335.5475,7.666666666666667,66.66666666666666,0,AVERAGE_CLIENT
Marc Gauthier,4,10865.86,6614.17,46.5,0.0,1,1ST_DEGREE_BAD_CLIENT
Vincent Rousseau,8,5629.41125,2177.78125,46.0,0.0,5,1ST_DEGREE_BAD_CLIENT
Anne Dubois,4,2970.3575,328.40999999999997,12.0,66.66666666666666,0,AVERAGE_CLIENT
Damien Chevalier,6,3398.7116666666666,283.0133333333333,10.25,0.0,0,AVERAGE_CLIENT
Stephane Dubois,10,11888.545999999998,9639.53,66.14285714285714,0.0,7,2ND_DEGREE_BAD_CLIENT
Claire Perrin,3,4269.236666666667,597.6733333333333,7.5,50.0,0,AVERAGE_CLIENT
Julie Perrin,6,1819.3949999999998,37.295,-1.5,83.33333333333334,0,AVERAGE_CLIENT
Helene Morin,8,2584.8224999999998,242.6825,12.142857142857142,28.57142857142857,0,AVERAGE_CLIENT
Camille Moreau,4,8781.9525,3336.685,52.25,0.0,3,1ST_DEGREE_BAD_CLIENT
Jerome Moreau,3,1589.9366666666667,173.84,-3.6666666666666665,100.0,0,EXCELLENT_CLIENT
Jerome Leclerc,7,6916.762857142857,3087.308571428571,41.833333333333336,0.0,2,1ST_DEGREE_BAD_CLIENT
Marc Faure,1,1460.13,222.55,-4.0,100.0,0,EXCELLENT_CLIENT
Antoine Dupont,9,13314.577777777778,9391.165555555557,55.0,0.0,7,2ND_DEGREE_BAD_CLIENT
Baptiste Garcia,2,1225.545,115.38,-1.0,100.0,0,EXCELLENT_CLIENT
Marie Dubois,4,7402.955,2752.6675,53.333333333333336,0.0,3,1ST_DEGREE_BAD_CLIENT
Alexandre Rousseau,3,1962.0933333333332,140.75,1.3333333333333333,33.33333333333333,0,AVERAGE_CLIENT
Nathalie Moreau,9,11441.165555555555,9411.234444444442,71.57142857142857,0.0,7,2ND_DEGREE_BAD_CLIENT
Aurelie David,6,8949.008333333333,8063.923333333333,59.5,0.0,4,1ST_DEGREE_BAD_CLIENT
Pierre Guerin,2,13668.310000000001,8125.425,57.0,0.0,1,1ST_DEGREE_BAD_CLIENT
Romain Faure,2,4652.764999999999,534.875,-3.5,100.0,0,EXCELLENT_CLIENT
Luc Perrin,5,1105.782,42.604,-1.6,80.0,0,AVERAGE_CLIENT
Corinne Laurent,5,7356.331999999999,2808.66,38.0,20.0,1,1ST_DEGREE_BAD_CLIENT
Isabelle Masson,5,1078.51,27.182,-2.4,80.0,0,AVERAGE_CLIENT
Emma Leclerc,12,11765.247499999998,6440.196666666666,51.36363636363637,0.0,7,2ND_DEGREE_BAD_CLIENT
Nicolas Chevalier,11,13213.031818181818,10428.756363636363,52.8,0.0,8,3RD_DEGREE_BAD_CLIENT
Sarah Morin,5,9176.31,3629.832,36.666666666666664,33.33333333333333,2,1ST_DEGREE_BAD_CLIENT
Nathalie David,5,3704.934,623.97,10.8,40.0,0,AVERAGE_CLIENT
Anne Rousseau,6,2680.3433333333332,435.38000000000005,3.8333333333333335,50.0,0,AVERAGE_CLIENT
Hugo Robin,5,1191.964,16.67,-3.4,100.0,0,EXCELLENT_CLIENT
Laura Rousseau,3,2238.2233333333334,401.07666666666665,19.0,0.0,0,AVERAGE_CLIENT
Sebastien Dubois,6,2770.1349999999998,656.395,10.166666666666666,16.666666666666664,1,1ST_DEGREE_BAD_CLIENT
Baptiste Laurent,3,1523.51,17.76,5.666666666666667,0.0,0,AVERAGE_CLIENT
Louis Philippe,7,3138.531428571429,486.0242857142857,14.5,50.0,1,1ST_DEGREE_BAD_CLIENT
Louis Bernard,2,3102.505,109.95,23.0,0.0,0,AVERAGE_CLIENT
Nathalie Marchand,5,2060.248,203.02399999999997,11.6,40.0,0,AVERAGE_CLIENT
Antoine Moreau,6,3976.023333333333,652.3433333333334,13.0,0.0,0,AVERAGE_CLIENT
Romain Garnier,10,12083.642000000002,7661.687,44.9,0.0,6,2ND_DEGREE_BAD_CLIENT
Isabelle Gerard,14,11028.229285714286,9011.512857142858,64.16666666666667,0.0,10,2ND_DEGREE_BAD_CLIENT
Corinne Masson,6,1717.9233333333334,100.21333333333332,2.0,33.33333333333333,0,AVERAGE_CLIENT
Corinne Lefevre,5,3733.278,309.27599999999995,4.0,25.0,0,AVERAGE_CLIENT
Marc Blanc,1,1002.21,0.0,-1.0,100.0,0,EXCELLENT_CLIENT
Marc Brun,12,10723.622500000001,9048.476666666667,55.25,0.0,8,2ND_DEGREE_BAD_CLIENT
Jerome Gerard,7,3224.6385714285716,523.0242857142857,2.7142857142857144,71.42857142857143,0,AVERAGE_CLIENT
Louis Michel,1,6678.59,2415.6,-3.0,100.0,0,EXCELLENT_CLIENT
Jerome Dupont,4,4274.2925,489.2049999999999,14.0,0.0,0,AVERAGE_CLIENT
Marc Leclerc,7,3334.698571428572,445.00428571428574,16.0,0.0,0,AVERAGE_CLIENT
Sophie Perrin,4,4708.4075,915.775,10.0,66.66666666666666,0,AVERAGE_CLIENT
Pierre David,3,3903.3199999999997,458.5466666666666,14.0,0.0,0,AVERAGE_CLIENT
Celine Laurent,9,14680.114444444444,9233.862222222224,50.875,0.0,6,2ND_DEGREE_BAD_CLIENT
Marie Blanc,11,10794.523636363638,8214.259090909092,62.27272727272727,0.0,8,2ND_DEGREE_BAD_CLIENT
Corinne Muller,6,1469.1599999999999,89.26166666666666,-2.5,83.33333333333334,0,AVERAGE_CLIENT
Manon Michel,7,3648.215714285714,866.9657142857143,7.333333333333333,66.66666666666666,1,1ST_DEGREE_BAD_CLIENT
Vincent Robin,8,13600.4325,8280.235,52.4,0.0,3,2ND_DEGREE_BAD_CLIENT
Stephane Dupont,9,2895.1,386.8411111111111,1.375,62.5,0,AVERAGE_CLIENT
Elodie Lefevre,3,3548.616666666667,746.6833333333334,12.333333333333334,0.0,0,AVERAGE_CLIENT
Celine Martin,5,4170.608,793.112,18.2,20.0,0,AVERAGE_CLIENT
Aurelie Marchand,3,1320.7,45.663333333333334,-2.6666666666666665,66.66666666666666,0,AVERAGE_CLIENT
Vincent Leclerc,3,2391.7566666666667,245.86333333333334,12.0,0.0,0,AVERAGE_CLIENT
Camille Robin,2,1819.105,388.51,0.0,50.0,0,AVERAGE_CLIENT
Damien Dupont,8,13977.311249999999,8035.1975,48.0,0.0,4,2ND_DEGREE_BAD_CLIENT
Louis Gerard,8,9031.77375,3356.42375,40.625,12.5,4,2ND_DEGREE_BAD_CLIENT
Vincent Chevalier,6,1258.4133333333334,105.18833333333333,-0.3333333333333333,50.0,0,AVERAGE_CLIENT
Elodie Laurent,8,3124.04625,526.9100000000001,12.875,25.0,1,1ST_DEGREE_BAD_CLIENT
Anne Bernard,3,3037.3666666666663,701.2233333333334,9.0,50.0,0,AVERAGE_CLIENT
Romain Perrin,6,2213.8483333333334,212.06499999999997,7.333333333333333,0.0,0,AVERAGE_CLIENT
Celine Perrot,7,10111.234285714285,3398.2328571428566,44.142857142857146,14.285714285714285,4,1ST_DEGREE_BAD_CLIENT
Sebastien Morin,3,3717.8033333333333,569.94,5.666666666666667,66.66666666666666,0,AVERAGE_CLIENT
Marion Petit,9,6998.61,2848.426666666667,36.25,12.5,3,1ST_DEGREE_BAD_CLIENT
Celine Leclerc,3,10665.62,3874.273333333333,43.666666666666664,0.0,0,AVERAGE_CLIENT
Paul Marchand,2,4466.67,1746.7150000000001,52.0,0.0,1,1ST_DEGREE_BAD_CLIENT
Valerie Rousseau,6,11962.668333333335,7768.563333333333,35.75,25.0,2,1ST_DEGREE_BAD_CLIENT
Valerie Perrin,3,1950.0633333333335,184.01,27.666666666666668,0.0,0,AVERAGE_CLIENT
Damien Garcia,3,1335.1899999999998,210.69333333333336,-0.6666666666666666,33.33333333333333,0,AVERAGE_CLIENT
Marc Lefevre,6,2648.866666666667,428.4783333333333,14.5,33.33333333333333,0,AVERAGE_CLIENT
Isabelle Marchand,7,3088.5800000000004,503.13571428571424,8.333333333333334,50.0,0,AVERAGE_CLIENT
Aurelie Philippe,5,2880.0600000000004,427.34400000000005,4.0,50.0,0,AVERAGE_CLIENT
Emma Dupont,1,1536.59,36.4,-2.0,100.0,0,EXCELLENT_CLIENT
Sebastien Marchand,4,7554.3724999999995,3671.0299999999997,66.5,0.0,4,1ST_DEGREE_BAD_CLIENT
Damien Muller,8,12962.425,7455.5,38.333333333333336,16.666666666666664,3,2ND_DEGREE_BAD_CLIENT
Jean Rousseau,9,12150.686666666668,7215.098888888889,49.75,0.0,5,2ND_DEGREE_BAD_CLIENT
Nathalie Gerard,4,3453.2725,467.34749999999997,13.0,66.66666666666666,0,AVERAGE_CLIENT
Nicolas Martin,2,2157.475,177.47,-2.5,100.0,0,EXCELLENT_CLIENT
Hugo Gauthier,6,10795.336666666668,5358.6483333333335,64.0,0.0,3,1ST_DEGREE_BAD_CLIENT
Aurelie Perrin,11,11779.19090909091,9830.399090909092,53.77777777777778,0.0,6,3RD_DEGREE_BAD_CLIENT
Celine Robin,5,6102.334000000001,2592.412,47.4,0.0,3,1ST_DEGREE_BAD_CLIENT
Sarah Dupont,9,9968.236666666666,7739.108888888888,62.875,0.0,7,2ND_DEGREE_BAD_CLIENT
Claire Gauthier,3,7289.670000000001,2973.9466666666663,43.5,0.0,1,1ST_DEGREE_BAD_CLIENT
Jean Moreau,4,2934.345,585.7325000000001,0.0,66.66666666666666,0,AVERAGE_CLIENT
Alexandre Moreau,4,3522.7174999999997,545.2625,4.0,33.33333333333333,0,AVERAGE_CLIENT
Nathalie Guerin,2,8304.105,3187.665,23.5,50.0,1,1ST_DEGREE_BAD_CLIENT
Elodie Philippe,5,3634.25,842.5959999999999,2.4,60.0,0,AVERAGE_CLIENT
Sarah Marchand,6,9015.980000000001,3664.6999999999994,51.0,0.0,4,1ST_DEGREE_BAD_CLIENT
Manon Dupont,7,3121.5142857142855,601.6314285714285,17.0,33.33333333333333,0,AVERAGE_CLIENT
Corinne Dubois,3,1882.53,231.80999999999997,7.333333333333333,66.66666666666666,0,AVERAGE_CLIENT
Jean Leclerc,4,1313.54,22.5025,-2.0,75.0,0,AVERAGE_CLIENT
Romain Bernard,5,6669.789999999999,2871.6879999999996,28.4,20.0,1,1ST_DEGREE_BAD_CLIENT
Nathalie Rousseau,4,3490.16,572.4449999999999,21.333333333333332,33.33333333333333,0,AVERAGE_CLIENT
Nathalie Robin,6,3167.0750000000003,513.7583333333333,10.0,50.0,1,1ST_DEGREE_BAD_CLIENT
Corinne Petit,2,1606.96,44.015,-1.0,50.0,0,AVERAGE_CLIENT
Sarah Masson,6,13277.039999999999,8531.581666666667,46.75,25.0,3,1ST_DEGREE_BAD_CLIENT
Louis Faure,5,2222.472,322.562,3.0,50.0,0,AVERAGE_CLIENT
Olivier Petit,7,12396.86,6880.295714285713,58.285714285714285,0.0,5,1ST_DEGREE_BAD_CLIENT
Jerome Gauthier,3,1694.4166666666667,270.94666666666666,0.0,50.0,0,AVERAGE_CLIENT
Marc Laurent,6,2807.431666666667,417.7616666666666,-1.6,80.0,0,AVERAGE_CLIENT
Pierre Michel,5,2441.228,378.736,-0.25,75.0,0,AVERAGE_CLIENT
Sophie Moreau,1,2307.52,0.0,0.0,100.0,0,EXCELLENT_CLIENT
Marion Michel,7,3760.1242857142856,733.3028571428571,11.2,60.0,1,1ST_DEGREE_BAD_CLIENT
Alexandre Martin,9,10219.477777777776,6516.677777777778,43.0,0.0,5,2ND_DEGREE_BAD_CLIENT
Antoine Renaud,7,11659.141428571427,7575.898571428572,58.42857142857143,0.0,6,1ST_DEGREE_BAD_CLIENT
Luc Laurent,4,3071.575,556.3025,6.0,25.0,0,AVERAGE_CLIENT
Jean Gerard,4,1435.2625,221.14749999999998,-0.75,50.0,0,AVERAGE_CLIENT
Nicolas Renaud,2,1411.7399999999998,0.0,-3.0,100.0,0,EXCELLENT_CLIENT
Laura Philippe,5,2061.376,138.168,-1.4,80.0,0,AVERAGE_CLIENT
Emma Rousseau,7,1574.4857142857143,82.09,0.14285714285714285,42.857142857142854,0,AVERAGE_CLIENT
Olivier Rousseau,2,3231.77,374.78,,0.0,0,AVERAGE_CLIENT
Marion Laurent,5,11599.598,7554.911999999999,60.0,0.0,5,1ST_DEGREE_BAD_CLIENT
Marie Muller,8,3901.80125,467.87624999999997,-0.14285714285714285,57.14285714285714,0,AVERAGE_CLIENT
Baptiste Brun,6,7519.913333333334,2859.726666666667,41.6,0.0,1,1ST_DEGREE_BAD_CLIENT
Sophie Rousseau,7,2541.7042857142856,423.86000000000007,14.333333333333334,50.0,1,1ST_DEGREE_BAD_CLIENT
Louis Perrin,12,13380.9925,8302.690833333332,49.09090909090909,0.0,6,2ND_DEGREE_BAD_CLIENT
Nicolas Perrin,4,3426.2725,480.415,5.666666666666667,66.66666666666666,0,AVERAGE_CLIENT
Valerie Brun,3,1436.1899999999998,247.06333333333336,-2.6666666666666665,100.0,0,EXCELLENT_CLIENT
Elodie Martin,10,15052.088,11382.854,59.125,0.0,5,3RD_DEGREE_BAD_CLIENT
Manon Blanc,7,2058.3357142857144,633.9171428571428,14.714285714285714,42.857142857142854,0,AVERAGE_CLIENT
Isabelle Leclerc,18,11617.191666666668,9179.770555555555,62.69230769230769,0.0,11,2ND_DEGREE_BAD_CLIENT
Alexandre Leclerc,7,13857.542857142858,7733.605714285714,58.8,0.0,4,1ST_DEGREE_BAD_CLIENT
Aurelie Blanc,4,1582.65,145.3875,-0.5,75.0,0,AVERAGE_CLIENT
Helene Gauthier,3,1327.2566666666667,143.79333333333332,-1.6666666666666667,66.66666666666666,0,AVERAGE_CLIENT
Damien Renaud,4,1283.4875000000002,37.95,-3.0,100.0,0,EXCELLENT_CLIENT
Thomas Brun,8,7131.63625,2959.9474999999998,51.333333333333336,0.0,5,1ST_DEGREE_BAD_CLIENT
Stephane Blanc,5,3074.546,489.264,2.6,40.0,0,AVERAGE_CLIENT
Celine Dupont,12,12039.7575,10316.781666666668,58.75,0.0,8,3RD_DEGREE_BAD_CLIENT
Luc Morin,7,7777.539999999999,3177.942857142857,51.166666666666664,0.0,4,1ST_DEGREE_BAD_CLIENT
Amelie Gauthier,8,7715.99,3300.4,40.875,12.5,3,2ND_DEGREE_BAD_CLIENT
Hugo Lefevre,9,9834.701111111111,5902.247777777778,48.285714285714285,0.0,5,2ND_DEGREE_BAD_CLIENT
Paul Chevalier,4,4256.385,775.0575,-1.25,75.0,0,AVERAGE_CLIENT
Anne Perrot,5,1197.8020000000001,26.51,-2.4,100.0,0,EXCELLENT_CLIENT
Emma Michel,11,14065.50727272727,8503.68,45.54545454545455,9.090909090909092,7,2ND_DEGREE_BAD_CLIENT
Sarah Gauthier,6,3311.911666666667,658.0500000000001,10.4,40.0,0,AVERAGE_CLIENT
Baptiste David,4,5797.835,2255.915,46.75,0.0,1,1ST_DEGREE_BAD_CLIENT
Emma Gauthier,4,2957.85,351.665,9.0,0.0,0,AVERAGE_CLIENT
Jerome Perrin,4,7426.724999999999,3141.285,52.5,0.0,3,1ST_DEGREE_BAD_CLIENT
Anne Petit,4,8100.92,3113.7775,30.75,25.0,0,AVERAGE_CLIENT
Pierre Morin,2,3457.94,734.105,1.0,0.0,0,AVERAGE_CLIENT
Damien Martin,3,3145.903333333333,571.88,16.333333333333332,33.33333333333333,0,AVERAGE_CLIENT
Alexandre Dupont,6,861.1833333333333,93.79666666666667,-0.16666666666666666,33.33333333333333,0,AVERAGE_CLIENT
Corinne Philippe,11,12050.487272727272,10158.264545454544,58.75,0.0,8,3RD_DEGREE_BAD_CLIENT
Amelie Faure,6,4528.926666666667,670.915,25.333333333333332,0.0,0,AVERAGE_CLIENT
Paul Blanc,8,1796.81875,134.8,-2.125,87.5,0,AVERAGE_CLIENT
Paul Perrot,5,2542.8419999999996,442.76800000000003,23.75,25.0,0,AVERAGE_CLIENT
Romain Laurent,6,2328.625,294.6616666666667,8.333333333333334,33.33333333333333,1,1ST_DEGREE_BAD_CLIENT
Marie Garcia,1,2085.29,78.6,18.0,0.0,0,AVERAGE_CLIENT
Vincent David,4,2704.855,503.66749999999996,-2.75,75.0,0,AVERAGE_CLIENT
Luc Philippe,1,1354.31,233.05,1.0,0.0,0,AVERAGE_CLIENT
Helene Garcia,12,11844.81,9831.691666666668,54.75,0.0,8,3RD_DEGREE_BAD_CLIENT
Alexandre Petit,3,1834.9166666666667,75.82000000000001,-1.3333333333333333,66.66666666666666,0,AVERAGE_CLIENT
Emma Marchand,7,7914.377142857143,3031.3242857142855,21.5,50.0,1,1ST_DEGREE_BAD_CLIENT
Anne Renaud,4,1416.3825,3.18,6.75,75.0,0,AVERAGE_CLIENT
Jean Faure,2,3773.33,794.0250000000001,4.0,0.0,0,AVERAGE_CLIENT
Amelie Petit,3,1458.64,189.53666666666666,0.0,33.33333333333333,0,AVERAGE_CLIENT
Amelie Masson,4,2275.5125,445.59,1.0,33.33333333333333,0,AVERAGE_CLIENT
Anne Philippe,11,7062.020909090908,2831.5581818181813,46.333333333333336,0.0,5,1ST_DEGREE_BAD_CLIENT
Paul Gauthier,6,1391.5316666666668,119.83666666666666,-2.8333333333333335,83.33333333333334,0,AVERAGE_CLIENT
Marion Renaud,4,2693.0375,285.69000000000005,6.5,50.0,0,AVERAGE_CLIENT
Jerome Masson,4,2025.89,122.48750000000001,8.666666666666666,0.0,0,AVERAGE_CLIENT
Thomas Marchand,3,2950.973333333333,614.13,13.0,0.0,0,AVERAGE_CLIENT
Claire Leclerc,5,3227.298,325.918,12.0,0.0,0,AVERAGE_CLIENT
Marie Dupont,8,10710.38625,6568.4075,34.666666666666664,50.0,3,2ND_DEGREE_BAD_CLIENT
Celine Lefevre,7,2882.1728571428575,390.34857142857146,9.142857142857142,42.857142857142854,0,AVERAGE_CLIENT
Isabelle Rousseau,4,7789.59,3103.2174999999997,49.75,25.0,3,1ST_DEGREE_BAD_CLIENT
Marion Dupont,7,1827.47,142.75857142857143,-0.14285714285714285,57.14285714285714,0,AVERAGE_CLIENT
Alexandre Garcia,6,14386.603333333333,8085.888333333333,61.666666666666664,0.0,6,1ST_DEGREE_BAD_CLIENT
Marie Laurent,6,3685.5,433.56333333333333,2.5,33.33333333333333,0,AVERAGE_CLIENT
Damien Leclerc,3,2324.963333333333,713.14,-4.0,100.0,0,EXCELLENT_CLIENT
Jean Lefevre,2,2301.025,7.645,-0.5,50.0,0,AVERAGE_CLIENT
Luc Garnier,2,2416.81,45.07,-1.0,100.0,0,EXCELLENT_CLIENT
Laura Gauthier,4,1526.7375000000002,131.455,4.25,25.0,0,AVERAGE_CLIENT
Hugo Bernard,4,1147.9975,42.082499999999996,6.0,50.0,0,AVERAGE_CLIENT
Nicolas Rousseau,4,3336.445,656.1175000000001,0.25,50.0,0,AVERAGE_CLIENT
Sebastien Michel,5,9145.613999999998,4098.354,48.0,0.0,2,1ST_DEGREE_BAD_CLIENT
Manon Chevalier,8,12569.693749999999,7761.325000000001,45.142857142857146,0.0,4,2ND_DEGREE_BAD_CLIENT
Julie Bernard,4,1979.7250000000001,206.38,0.25,50.0,0,AVERAGE_CLIENT
Hugo Martin,5,6196.594,2502.468,42.4,0.0,4,1ST_DEGREE_BAD_CLIENT
Manon Marchand,1,106.38,0.0,-1.0,100.0,0,EXCELLENT_CLIENT
Hugo Muller,4,2157.2374999999997,424.10249999999996,7.25,75.0,0,AVERAGE_CLIENT
Thomas David,4,13774.012499999997,11209.810000000001,58.0,0.0,3,2ND_DEGREE_BAD_CLIENT
Paul Martin,6,2456.0750000000003,359.46000000000004,2.0,60.0,0,AVERAGE_CLIENT
Camille Perrin,8,3009.65375,548.29375,4.857142857142857,42.857142857142854,0,AVERAGE_CLIENT
Nathalie Leclerc,3,2594.7533333333336,280.54,14.333333333333334,0.0,0,AVERAGE_CLIENT
Valerie Martin,6,3894.021666666666,776.4366666666666,18.833333333333332,16.666666666666664,0,AVERAGE_CLIENT
Anne David,4,2269.9375,305.9975,6.666666666666667,66.66666666666666,0,AVERAGE_CLIENT
Valerie Garcia,5,2460.118,366.836,3.0,33.33333333333333,0,AVERAGE_CLIENT
Antoine Gerard,5,3974.6059999999998,546.3199999999999,1.6,20.0,0,AVERAGE_CLIENT
Marie Gauthier,3,1864.5633333333335,64.79,1.6666666666666667,66.66666666666666,0,AVERAGE_CLIENT
Nicolas Robin,2,1405.52,59.58,-1.5,100.0,0,EXCELLENT_CLIENT
Olivier Faure,4,3248.985,629.3375,9.333333333333334,0.0,0,AVERAGE_CLIENT
Celine Morin,1,2699.97,52.51,1.0,0.0,0,AVERAGE_CLIENT
Sebastien Gauthier,6,2263.6683333333335,276.035,9.666666666666666,50.0,0,AVERAGE_CLIENT
Jerome Petit,5,2842.3059999999996,420.296,23.5,0.0,1,1ST_DEGREE_BAD_CLIENT
Marie Brun,6,6947.265,3080.1333333333337,37.0,20.0,2,1ST_DEGREE_BAD_CLIENT
Elodie Chevalier,5,1866.1560000000002,135.746,-0.4,60.0,0,AVERAGE_CLIENT
Aurelie Laurent,4,784.38,37.8825,-0.5,75.0,0,AVERAGE_CLIENT
Valerie Renaud,4,3306.9624999999996,403.55499999999995,3.75,25.0,0,AVERAGE_CLIENT
Pierre Garcia,3,563.4333333333333,58.6,1.6666666666666667,0.0,0,AVERAGE_CLIENT
Vincent Gerard,4,1972.7649999999999,299.6675,13.5,50.0,0,AVERAGE_CLIENT
Corinne Blanc,6,1319.5616666666667,112.57166666666667,1.6666666666666667,83.33333333333334,0,AVERAGE_CLIENT
Claire Perrot,4,2102.7725,332.675,18.25,25.0,0,AVERAGE_CLIENT
Sebastien David,3,1136.3666666666668,76.39333333333333,-1.0,33.33333333333333,0,AVERAGE_CLIENT
Hugo Moreau,4,3879.87,381.1625,12.0,25.0,0,AVERAGE_CLIENT
Amelie Guerin,9,2838.976666666667,451.41444444444437,9.75,37.5,0,AVERAGE_CLIENT
Emma Masson,7,11880.852857142858,7655.804285714286,46.5,0.0,3,1ST_DEGREE_BAD_CLIENT
Louis Muller,3,2365.2000000000003,275.3533333333333,13.666666666666666,33.33333333333333,0,AVERAGE_CLIENT
Baptiste Bernard,4,2780.04,360.48499999999996,26.75,0.0,1,1ST_DEGREE_BAD_CLIENT
Paul Garnier,3,3122.353333333334,456.8933333333334,-2.0,100.0,0,EXCELLENT_CLIENT
Marc Perrot,3,2278.91,327.78333333333336,-0.3333333333333333,66.66666666666666,0,AVERAGE_CLIENT
Emma Blanc,3,7962.4766666666665,3744.4499999999994,45.333333333333336,0.0,2,1ST_DEGREE_BAD_CLIENT
Nicolas Moreau,5,1292.0520000000001,59.477999999999994,-1.2,60.0,0,AVERAGE_CLIENT
Marion Perrot,5,2552.928,375.534,4.5,75.0,0,AVERAGE_CLIENT
Aurelie Dupont,4,2608.9675,425.65999999999997,19.75,50.0,1,1ST_DEGREE_BAD_CLIENT
Julie Robin,6,12531.299999999997,8019.713333333333,49.75,0.0,2,1ST_DEGREE_BAD_CLIENT
Alexandre Bernard,5,9590.560000000001,3535.3239999999996,39.5,25.0,3,1ST_DEGREE_BAD_CLIENT
Helene Petit,3,4191.81,635.07,13.666666666666666,33.33333333333333,0,AVERAGE_CLIENT
Marc David,3,3501.5166666666664,737.69,17.5,50.0,0,AVERAGE_CLIENT
Thomas Garnier,3,6658.7266666666665,2677.75,53.0,0.0,2,1ST_DEGREE_BAD_CLIENT
Isabelle Muller,4,7845.1675,2969.3825,31.75,25.0,2,1ST_DEGREE_BAD_CLIENT
Valerie David,3,974.92,61.96666666666666,-2.6666666666666665,66.66666666666666,0,AVERAGE_CLIENT
Aurelie Dubois,1,790.02,114.57,-1.0,100.0,0,EXCELLENT_CLIENT
Louis Robin,4,7004.132500000001,2402.84,62.0,0.0,2,1ST_DEGREE_BAD_CLIENT
Anne Martin,13,10854.964615384613,8679.776153846153,61.15384615384615,0.0,11,2ND_DEGREE_BAD_CLIENT
Celine Gauthier,12,9905.0875,3715.7608333333324,45.81818181818182,9.090909090909092,6,2ND_DEGREE_BAD_CLIENT
Sophie Dupont,2,5934.84,1359.91,31.0,0.0,1,1ST_DEGREE_BAD_CLIENT
Anne Perrin,5,3584.9260000000004,476.63800000000003,1.0,60.0,0,AVERAGE_CLIENT
Vincent Muller,3,8793.343333333332,5723.416666666667,49.0,0.0,3,1ST_DEGREE_BAD_CLIENT
Claire Gerard,5,1953.69,307.604,2.8,40.0,0,AVERAGE_CLIENT
Corinne Perrin,3,2130.9166666666665,208.97,1.0,33.33333333333333,0,AVERAGE_CLIENT
Marion David,4,2381.12,34.730000000000004,-1.0,75.0,0,AVERAGE_CLIENT
Aurelie Faure,2,1512.3,142.055,-3.0,100.0,0,EXCELLENT_CLIENT
Adrien Chevalier,5,9599.206,5146.4220000000005,53.0,0.0,3,1ST_DEGREE_BAD_CLIENT
Pierre Faure,5,9858.782000000001,3951.8,39.75,25.0,2,1ST_DEGREE_BAD_CLIENT
Marc Garnier,7,3085.445714285714,579.1171428571429,9.142857142857142,28.57142857142857,0,AVERAGE_CLIENT
Celine Guerin,5,8500.890000000001,3151.272,24.75,50.0,1,1ST_DEGREE_BAD_CLIENT
Amelie Gerard,6,2777.233333333333,609.8466666666667,5.666666666666667,33.33333333333333,0,AVERAGE_CLIENT
Camille Faure,6,15419.071666666665,9694.03,43.666666666666664,16.666666666666664,4,1ST_DEGREE_BAD_CLIENT
Pierre Leclerc,5,1188.462,101.33000000000001,-2.2,80.0,0,AVERAGE_CLIENT
Anne Leclerc,4,1849.53,378.2025,21.0,0.0,1,1ST_DEGREE_BAD_CLIENT
Damien Lefevre,8,11137.175,6672.235000000001,50.625,0.0,6,2ND_DEGREE_BAD_CLIENT
Thomas Laurent,6,14318.401666666667,9231.401666666667,46.833333333333336,16.666666666666664,3,1ST_DEGREE_BAD_CLIENT
Camille Philippe,3,1721.5033333333333,304.2133333333333,6.666666666666667,33.33333333333333,0,AVERAGE_CLIENT
Luc Muller,5,2133.13,468.33399999999995,9.75,25.0,0,AVERAGE_CLIENT
Alexandre Muller,5,3209.3160000000003,423.398,8.25,0.0,0,AVERAGE_CLIENT
Claire Brun,10,11552.978,9053.908,58.285714285714285,0.0,5,2ND_DEGREE_BAD_CLIENT
Olivier Garnier,3,2395.5133333333333,164.20333333333332,31.0,0.0,0,AVERAGE_CLIENT
Jean Renaud,1,773.59,121.88,19.0,0.0,0,AVERAGE_CLIENT
Romain Dubois,2,9496.4,2651.375,58.5,0.0,2,1ST_DEGREE_BAD_CLIENT
Sebastien Martin,3,3254.5499999999997,159.84,12.333333333333334,0.0,0,AVERAGE_CLIENT
Adrien Gerard,4,2876.135,683.9725,19.0,25.0,0,AVERAGE_CLIENT
Sarah Philippe,6,2655.2916666666665,522.3266666666667,10.333333333333334,33.33333333333333,0,AVERAGE_CLIENT
Olivier Guerin,3,1492.36,201.82000000000002,-0.6666666666666666,66.66666666666666,0,AVERAGE_CLIENT
Pierre Petit,5,4018.886,666.51,19.2,0.0,1,1ST_DEGREE_BAD_CLIENT
Elodie Blanc,2,2304.975,602.29,1.0,0.0,0,AVERAGE_CLIENT
Valerie Lefevre,3,873.6133333333333,46.53333333333333,-1.0,100.0,0,EXCELLENT_CLIENT
Luc Robin,6,13539.135,7922.448333333333,46.8,0.0,3,1ST_DEGREE_BAD_CLIENT
Olivier Laurent,5,3348.7299999999996,443.9440000000001,8.2,0.0,0,AVERAGE_CLIENT
Louis Petit,8,3100.41,506.0375,11.0,28.57142857142857,0,AVERAGE_CLIENT
Sarah Laurent,6,2424.728333333333,412.24,9.6,20.0,0,AVERAGE_CLIENT
Baptiste Chevalier,8,12119.7925,6542.35125,59.166666666666664,0.0,5,2ND_DEGREE_BAD_CLIENT
Emma Lefevre,3,2529.2066666666665,608.9966666666667,22.5,0.0,0,AVERAGE_CLIENT
Helene Philippe,9,9257.647777777778,5531.237777777777,52.125,12.5,7,2ND_DEGREE_BAD_CLIENT
Paul Michel,4,3766.8525,632.6575,21.0,50.0,0,AVERAGE_CLIENT
Alexandre Philippe,5,2915.232,467.948,3.0,66.66666666666666,0,AVERAGE_CLIENT
Hugo Dubois,17,12801.36411764706,10322.89705882353,64.46666666666667,0.0,15,3RD_DEGREE_BAD_CLIENT
Hugo Leclerc,5,7938.509999999999,2673.37,55.5,0.0,3,1ST_DEGREE_BAD_CLIENT
Claire Faure,5,3294.3740000000007,725.2180000000001,-0.4,60.0,0,AVERAGE_CLIENT
Anne Gerard,4,3249.4575,557.015,18.333333333333332,33.33333333333333,1,1ST_DEGREE_BAD_CLIENT
Valerie Dubois,6,3228.976666666667,285.12666666666667,1.5,33.33333333333333,0,AVERAGE_CLIENT
Nicolas Bernard,6,2114.9466666666667,435.36500000000007,15.2,20.0,0,AVERAGE_CLIENT
Laura Perrin,10,2716.552,313.47799999999995,8.0,33.33333333333333,0,AVERAGE_CLIENT
Paul Philippe,1,1651.92,227.65,0.0,100.0,0,EXCELLENT_CLIENT
Thomas Lefevre,2,3021.5950000000003,262.075,1.0,50.0,0,AVERAGE_CLIENT
Nathalie Garnier,3,1031.6466666666668,27.03333333333333,-2.0,66.66666666666666,0,AVERAGE_CLIENT
Isabelle Petit,4,4010.9700000000003,483.2525,29.5,0.0,1,1ST_DEGREE_BAD_CLIENT
Emma Garnier,5,3153.98,639.894,8.75,50.0,0,AVERAGE_CLIENT
Nicolas Muller,3,3384.846666666667,635.9733333333334,4.0,33.33333333333333,0,AVERAGE_CLIENT
Jean Dupont,8,10311.83375,8111.473749999999,63.2,0.0,5,2ND_DEGREE_BAD_CLIENT
Amelie David,9,2344.428888888889,497.938888888889,10.11111111111111,33.33333333333333,0,AVERAGE_CLIENT
Baptiste Marchand,2,1387.63,67.51,-4.0,100.0,0,EXCELLENT_CLIENT
Thomas Martin,6,3645.3016666666667,599.1766666666667,-1.5,75.0,0,AVERAGE_CLIENT
Olivier Leclerc,3,1605.14,2.8000000000000003,-3.3333333333333335,100.0,0,EXCELLENT_CLIENT
Adrien Garnier,5,2493.5600000000004,346.216,6.75,50.0,0,AVERAGE_CLIENT
Celine Michel,3,2971.5499999999997,147.18666666666664,7.333333333333333,66.66666666666666,0,AVERAGE_CLIENT
Luc Garcia,5,3061.3059999999996,710.668,5.333333333333333,33.33333333333333,0,AVERAGE_CLIENT
Luc Blanc,4,2985.0825,555.47,9.25,50.0,0,AVERAGE_CLIENT
Marc Perrin,1,1987.38,318.22,-2.0,100.0,0,EXCELLENT_CLIENT
Aurelie Gerard,5,2323.6279999999997,274.258,10.4,40.0,0,AVERAGE_CLIENT
Olivier Philippe,4,4012.925,305.7325,4.0,66.66666666666666,0,AVERAGE_CLIENT
Sebastien Gerard,7,7918.875714285714,2658.0171428571425,43.166666666666664,0.0,4,1ST_DEGREE_BAD_CLIENT
Helene Robin,3,7286.7699999999995,2965.0500000000006,42.0,0.0,0,AVERAGE_CLIENT
Hugo Perrin,5,10492.246,4265.0,31.0,0.0,0,AVERAGE_CLIENT
Emma Dubois,2,3126.365,759.5799999999999,-1.5,100.0,0,EXCELLENT_CLIENT
Louis Gauthier,1,1066.54,0.0,-3.0,100.0,0,EXCELLENT_CLIENT
Alexandre Blanc,6,1909.11,151.94000000000003,-1.6666666666666667,83.33333333333334,0,AVERAGE_CLIENT
Isabelle Garcia,6,9435.101666666667,4045.8766666666666,40.166666666666664,0.0,2,1ST_DEGREE_BAD_CLIENT
Laura Laurent,2,1666.01,498.425,12.0,50.0,0,AVERAGE_CLIENT
Adrien Petit,4,1223.8175,44.825,2.25,25.0,0,AVERAGE_CLIENT
Damien Faure,6,11633.701666666668,8124.025000000001,58.5,0.0,6,1ST_DEGREE_BAD_CLIENT
Luc David,3,1065.1366666666668,45.21333333333334,0.6666666666666666,33.33333333333333,0,AVERAGE_CLIENT
Luc Gauthier,4,462.33000000000004,35.435,-0.25,75.0,0,AVERAGE_CLIENT
Nicolas Michel,5,3902.3300000000004,630.982,1.8,80.0,0,AVERAGE_CLIENT
Jean Blanc,6,9345.823333333336,3672.8450000000007,36.0,0.0,1,1ST_DEGREE_BAD_CLIENT
Anne Gauthier,4,7032.285000000001,3218.225,43.333333333333336,0.0,1,1ST_DEGREE_BAD_CLIENT
Laura Michel,2,2816.13,1023.12,8.5,0.0,0,AVERAGE_CLIENT
Thomas Petit,2,1700.48,375.91999999999996,2.0,0.0,0,AVERAGE_CLIENT
Sophie Marchand,3,3480.0166666666664,522.6333333333333,14.0,33.33333333333333,0,AVERAGE_CLIENT
Celine Perrin,4,1453.4299999999998,80.3875,6.5,75.0,0,AVERAGE_CLIENT
Hugo Marchand,11,10488.33,6360.150909090909,53.9,0.0,8,2ND_DEGREE_BAD_CLIENT
Celine David,9,8050.553333333334,3400.851111111111,43.125,12.5,4,2ND_DEGREE_BAD_CLIENT
Thomas Chevalier,2,1623.2849999999999,210.57,7.0,50.0,0,AVERAGE_CLIENT
Anne Michel,7,1667.837142857143,196.8185714285714,-2.142857142857143,85.71428571428571,0,AVERAGE_CLIENT
Hugo Michel,3,975.25,76.72666666666667,-1.0,100.0,0,EXCELLENT_CLIENT
Hugo Masson,5,3868.6,538.3779999999999,-3.0,100.0,0,EXCELLENT_CLIENT
Corinne Morin,5,2815.4719999999998,255.11999999999998,8.8,0.0,0,AVERAGE_CLIENT
Jerome Muller,4,6123.2325,2721.9375,24.25,25.0,0,AVERAGE_CLIENT
Baptiste Gerard,3,3868.6266666666666,779.0033333333332,5.0,33.33333333333333,0,AVERAGE_CLIENT
Paul David,4,13863.4875,10842.955,54.0,0.0,2,2ND_DEGREE_BAD_CLIENT
Manon Laurent,2,7218.540000000001,2569.945,35.0,0.0,0,AVERAGE_CLIENT
Hugo David,8,7758.1587500000005,2981.99125,51.75,0.0,4,1ST_DEGREE_BAD_CLIENT
Aurelie Masson,3,10016.090000000002,4483.32,43.333333333333336,0.0,2,1ST_DEGREE_BAD_CLIENT
Isabelle Morin,2,1550.1950000000002,92.105,0.0,100.0,0,EXCELLENT_CLIENT
Olivier Bernard,9,2878.703333333333,661.2111111111112,1.625,50.0,0,AVERAGE_CLIENT
Camille Bernard,5,3396.006,317.148,1.6,60.0,0,AVERAGE_CLIENT
Marie Michel,7,3304.848571428571,622.9042857142857,7.142857142857143,57.14285714285714,0,AVERAGE_CLIENT
Olivier Robin,3,3018.0,289.43666666666667,0.6666666666666666,66.66666666666666,0,AVERAGE_CLIENT
Isabelle David,3,7566.306666666667,2598.516666666667,44.0,0.0,1,1ST_DEGREE_BAD_CLIENT
Helene Blanc,3,1138.41,96.61333333333334,-0.3333333333333333,66.66666666666666,0,AVERAGE_CLIENT
Nicolas Lefevre,4,2143.55,443.185,18.0,25.0,0,AVERAGE_CLIENT
Claire Petit,3,1200.01,84.76333333333334,-0.3333333333333333,66.66666666666666,0,AVERAGE_CLIENT
Valerie Bernard,5,2819.852,567.566,12.25,0.0,0,AVERAGE_CLIENT
Corinne Rousseau,6,10401.476666666666,5415.671666666666,56.2,0.0,4,1ST_DEGREE_BAD_CLIENT
Anne Laurent,2,3820.775,278.83,9.5,0.0,0,AVERAGE_CLIENT
Helene Laurent,4,1600.4525,14.8675,-0.25,50.0,0,AVERAGE_CLIENT
Paul Perrin,5,3185.6179999999995,689.158,4.0,0.0,0,AVERAGE_CLIENT
Romain Guerin,2,1639.3249999999998,0.0,-2.0,50.0,0,AVERAGE_CLIENT
Olivier Michel,5,1547.8359999999998,105.128,0.4,60.0,0,AVERAGE_CLIENT
Pierre Blanc,2,1818.4499999999998,194.96499999999997,-3.5,100.0,0,EXCELLENT_CLIENT
Celine Masson,5,2206.068,218.1,7.75,25.0,0,AVERAGE_CLIENT
Vincent Garcia,5,1568.54,165.88000000000002,10.0,60.0,0,AVERAGE_CLIENT
Romain Philippe,5,2305.6940000000004,412.66999999999996,17.25,0.0,0,AVERAGE_CLIENT
Julie Morin,7,3884.565714285714,817.4028571428572,7.666666666666667,66.66666666666666,0,AVERAGE_CLIENT
Romain Gerard,1,5987.58,2105.98,47.0,0.0,1,1ST_DEGREE_BAD_CLIENT
Antoine Leclerc,3,2332.0966666666664,392.8233333333333,7.0,0.0,0,AVERAGE_CLIENT
Luc Michel,7,13304.714285714286,7843.797142857143,47.0,0.0,4,1ST_DEGREE_BAD_CLIENT
Jean Marchand,4,3062.635,288.63250000000005,9.0,50.0,0,AVERAGE_CLIENT
Alexandre Chevalier,5,3326.488,476.8280000000001,13.25,0.0,0,AVERAGE_CLIENT
Vincent Masson,5,6996.87,3895.3840000000005,53.75,0.0,4,1ST_DEGREE_BAD_CLIENT
Claire Garnier,12,12293.394166666665,7715.279166666666,55.77777777777778,0.0,7,2ND_DEGREE_BAD_CLIENT
Helene Muller,6,3647.6,576.6533333333333,27.8,20.0,1,1ST_DEGREE_BAD_CLIENT
Adrien Morin,4,930.4675,9.095,-0.5,75.0,0,AVERAGE_CLIENT
Pierre Rousseau,2,1702.67,141.56,26.0,50.0,1,1ST_DEGREE_BAD_CLIENT
Jean Perrot,5,2465.5840000000003,559.42,8.333333333333334,66.66666666666666,0,AVERAGE_CLIENT
Marion Gauthier,5,1991.8199999999997,61.08999999999999,0.2,60.0,0,AVERAGE_CLIENT
Laura Muller,2,1668.395,2.9,-2.0,100.0,0,EXCELLENT_CLIENT
Alexandre Renaud,8,13424.9,7605.00375,49.0,0.0,4,2ND_DEGREE_BAD_CLIENT
Damien Garnier,3,1790.6266666666668,42.07333333333333,-2.3333333333333335,100.0,0,EXCELLENT_CLIENT
Sophie Laurent,4,3250.8575,826.805,-3.5,100.0,0,EXCELLENT_CLIENT
Marion Dubois,5,1150.654,101.64399999999999,-1.2,60.0,0,AVERAGE_CLIENT
Sebastien Bernard,4,2794.7775,388.4075,24.333333333333332,0.0,0,AVERAGE_CLIENT
Marion Morin,6,2487.18,462.3733333333333,3.1666666666666665,33.33333333333333,0,AVERAGE_CLIENT
Olivier Gerard,8,9645.1175,4362.2925,47.5,0.0,4,2ND_DEGREE_BAD_CLIENT
Isabelle Dubois,6,7419.116666666666,2930.081666666667,60.0,0.0,5,1ST_DEGREE_BAD_CLIENT
Laura Petit,5,11415.006,6833.476,58.4,0.0,5,1ST_DEGREE_BAD_CLIENT
Corinne Renaud,2,2962.735,49.965,-0.5,100.0,0,EXCELLENT_CLIENT
Romain Leclerc,2,937.8700000000001,85.835,0.5,50.0,0,AVERAGE_CLIENT
Baptiste Dupont,3,2948.6566666666663,729.1333333333332,3.3333333333333335,66.66666666666666,0,AVERAGE_CLIENT
Isabelle Faure,3,2283.816666666667,427.76666666666665,-2.3333333333333335,66.66666666666666,0,AVERAGE_CLIENT
Sebastien Faure,4,1816.4375,13.01,-2.25,100.0,0,EXCELLENT_CLIENT
Adrien Renaud,3,875.5566666666667,14.13,8.333333333333334,33.33333333333333,0,AVERAGE_CLIENT
Valerie Dupont,5,10164.490000000002,3959.9560000000006,33.6,0.0,2,1ST_DEGREE_BAD_CLIENT
Claire Michel,7,2915.1085714285714,408.5328571428571,16.5,25.0,0,AVERAGE_CLIENT
Manon Bernard,3,2408.17,59.60666666666666,-0.3333333333333333,66.66666666666666,0,AVERAGE_CLIENT
Jean Michel,3,9276.086666666668,3643.47,48.333333333333336,0.0,2,1ST_DEGREE_BAD_CLIENT
Luc Martin,5,3450.804,289.686,6.0,25.0,0,AVERAGE_CLIENT
Baptiste Faure,2,1214.515,11.275,-4.0,100.0,0,EXCELLENT_CLIENT
Paul Masson,3,7771.583333333333,3241.7000000000003,63.0,0.0,3,1ST_DEGREE_BAD_CLIENT
Manon Petit,4,1779.29,185.755,21.666666666666668,33.33333333333333,1,1ST_DEGREE_BAD_CLIENT
Nathalie Philippe,5,2296.434,422.15200000000004,0.4,80.0,0,AVERAGE_CLIENT
Nicolas Perrot,4,2229.8199999999997,257.89,0.75,25.0,0,AVERAGE_CLIENT
Elodie Garcia,4,3095.8825,471.57000000000005,8.25,25.0,0,AVERAGE_CLIENT
Marie Moreau,4,1957.565,4.8475,-1.5,75.0,0,AVERAGE_CLIENT
Sophie Masson,3,2711.5666666666666,215.02333333333334,7.0,50.0,0,AVERAGE_CLIENT
Hugo Petit,10,13310.246999999998,10440.556,63.1,0.0,8,3RD_DEGREE_BAD_CLIENT
Nathalie Chevalier,3,1176.9099999999999,156.94,4.0,33.33333333333333,0,AVERAGE_CLIENT
Sebastien Chevalier,3,6398.110000000001,2310.1,33.5,50.0,1,1ST_DEGREE_BAD_CLIENT
Laura Chevalier,2,1964.37,486.03499999999997,11.0,0.0,0,AVERAGE_CLIENT
Luc Bernard,4,3146.2825,501.9,17.666666666666668,0.0,0,AVERAGE_CLIENT
Thomas Morin,5,2880.766,282.25600000000003,1.2,60.0,0,AVERAGE_CLIENT
Stephane Garnier,3,1916.3566666666666,194.66333333333333,4.666666666666667,33.33333333333333,0,AVERAGE_CLIENT
Marie Bernard,3,2019.3066666666664,55.93666666666667,-2.0,66.66666666666666,0,AVERAGE_CLIENT
Nicolas Garcia,5,1477.4620000000002,71.02799999999999,-1.8,80.0,0,AVERAGE_CLIENT
Isabelle Garnier,8,2925.73375,305.9225,10.25,37.5,0,AVERAGE_CLIENT
Thomas Rousseau,6,1276.1500000000003,113.16333333333334,3.1666666666666665,33.33333333333333,0,AVERAGE_CLIENT
Pierre Masson,2,1827.605,148.925,-3.0,100.0,0,EXCELLENT_CLIENT
Anne Chevalier,3,821.2733333333332,66.74,-1.3333333333333333,66.66666666666666,0,AVERAGE_CLIENT
Corinne Gerard,1,1935.5,144.16,-5.0,100.0,0,EXCELLENT_CLIENT
Julie Marchand,5,4142.52,943.434,13.8,20.0,1,1ST_DEGREE_BAD_CLIENT
Valerie Leclerc,4,777.015,104.42,-1.0,50.0,0,AVERAGE_CLIENT
Amelie Michel,6,11459.326666666668,5667.803333333333,54.166666666666664,16.666666666666664,5,1ST_DEGREE_BAD_CLIENT
Camille Marchand,3,8017.793333333334,3145.4366666666665,57.666666666666664,0.0,2,1ST_DEGREE_BAD_CLIENT
Julie Dubois,7,2357.367142857143,386.84142857142854,10.5,50.0,0,AVERAGE_CLIENT
Hugo Rousseau,7,3523.951428571429,313.25999999999993,-2.0,100.0,0,EXCELLENT_CLIENT
Olivier Lefevre,3,2529.93,266.81333333333333,0.3333333333333333,33.33333333333333,0,AVERAGE_CLIENT
Pierre Bernard,4,2744.7675,562.8475,19.0,50.0,1,1ST_DEGREE_BAD_CLIENT
Romain Blanc,6,1243.0783333333331,85.63333333333333,-1.0,66.66666666666666,0,AVERAGE_CLIENT
Valerie Chevalier,8,5836.53,2161.28125,43.125,12.5,5,1ST_DEGREE_BAD_CLIENT
Sebastien Lefevre,4,13962.3825,11405.1425,54.75,0.0,2,2ND_DEGREE_BAD_CLIENT
Thomas Dubois,2,2588.49,611.39,-4.0,100.0,0,EXCELLENT_CLIENT
Jerome Garcia,1,4864.21,954.87,22.0,0.0,0,AVERAGE_CLIENT
Camille Morin,6,6422.64,2581.9,43.4,20.0,3,1ST_DEGREE_BAD_CLIENT
Sarah Petit,5,3630.6639999999998,466.47400000000005,10.8,20.0,0,AVERAGE_CLIENT
Helene Masson,4,9825.775,5929.889999999999,62.0,0.0,4,1ST_DEGREE_BAD_CLIENT
Sebastien Muller,7,3554.6142857142854,705.2799999999999,17.6,20.0,0,AVERAGE_CLIENT
Jean Philippe,1,2831.74,317.13,-2.0,100.0,0,EXCELLENT_CLIENT
Luc Marchand,5,7093.176000000001,2359.172,54.4,0.0,4,1ST_DEGREE_BAD_CLIENT
Louis Renaud,3,900.9266666666666,153.22666666666666,-1.6666666666666667,66.66666666666666,0,AVERAGE_CLIENT
Stephane Masson,6,7650.615000000001,2713.6683333333335,53.6,0.0,3,1ST_DEGREE_BAD_CLIENT
Marion Moreau,3,2637.653333333333,457.82,6.666666666666667,33.33333333333333,0,AVERAGE_CLIENT
Vincent Garnier,2,3396.66,455.855,26.0,0.0,0,AVERAGE_CLIENT
Marie Renaud,4,7296.285,3206.5475000000006,46.5,0.0,2,1ST_DEGREE_BAD_CLIENT
Stephane Michel,1,1738.55,245.41,0.0,100.0,0,EXCELLENT_CLIENT
Adrien Dupont,7,11357.952857142856,7365.732857142859,49.333333333333336,0.0,3,1ST_DEGREE_BAD_CLIENT
Emma Petit,7,2890.605714285714,481.0314285714286,13.333333333333334,33.33333333333333,0,AVERAGE_CLIENT
Helene Dupont,3,2308.6266666666666,13.13,-0.3333333333333333,33.33333333333333,0,AVERAGE_CLIENT
Elodie Marchand,4,2849.6225,175.80749999999998,15.0,25.0,0,AVERAGE_CLIENT
Laura Renaud,2,974.3149999999999,111.03500000000001,0.0,100.0,0,EXCELLENT_CLIENT
Anne Dupont,5,3112.674,637.8439999999999,17.2,20.0,0,AVERAGE_CLIENT
Thomas Faure,4,661.86,11.6075,-1.5,100.0,0,EXCELLENT_CLIENT
Pierre Moreau,5,3166.178,327.14599999999996,8.75,0.0,0,AVERAGE_CLIENT
Camille Brun,6,8897.531666666668,3686.1733333333336,51.8,0.0,4,1ST_DEGREE_BAD_CLIENT
Stephane Gauthier,2,2212.565,94.755,-1.5,50.0,0,AVERAGE_CLIENT
Laura Blanc,5,2292.616,464.07399999999996,9.0,50.0,0,AVERAGE_CLIENT
Louis Blanc,3,3499.433333333333,239.39333333333335,6.333333333333333,66.66666666666666,0,AVERAGE_CLIENT
Vincent Brun,3,3236.9966666666664,228.05999999999997,10.666666666666666,0.0,0,AVERAGE_CLIENT
Jerome Dubois,6,1330.585,52.17666666666667,-2.6666666666666665,83.33333333333334,0,AVERAGE_CLIENT
Celine Philippe,4,1513.555,192.7925,-1.25,75.0,0,AVERAGE_CLIENT
Claire Renaud,2,2772.545,18.395,-4.5,100.0,0,EXCELLENT_CLIENT
Nicolas Petit,5,9011.652,2933.844,56.2,0.0,4,1ST_DEGREE_BAD_CLIENT
Stephane Garcia,6,7761.719999999998,3215.365,59.75,0.0,4,1ST_DEGREE_BAD_CLIENT
Marion Rousseau,5,13493.189999999999,7558.418,56.0,0.0,3,1ST_DEGREE_BAD_CLIENT
Camille Dupont,3,1039.3233333333335,67.61666666666667,-0.6666666666666666,66.66666666666666,0,AVERAGE_CLIENT
Valerie Moreau,5,1035.826,32.26,-1.4,60.0,0,AVERAGE_CLIENT
Baptiste Gauthier,2,3228.8500000000004,593.905,-1.0,50.0,0,AVERAGE_CLIENT
Marc Garcia,1,2211.31,0.0,0.0,100.0,0,EXCELLENT_CLIENT
Laura Robin,4,3178.33,430.27000000000004,9.666666666666666,0.0,0,AVERAGE_CLIENT
Louis Chevalier,3,7694.72,2466.4466666666667,61.0,0.0,2,1ST_DEGREE_BAD_CLIENT
Nathalie Garcia,2,1396.775,0.0,-2.5,100.0,0,EXCELLENT_CLIENT
Aurelie Muller,1,4460.27,297.01,-2.0,100.0,0,EXCELLENT_CLIENT
Isabelle Blanc,4,2788.0699999999997,503.1825,0.3333333333333333,33.33333333333333,0,AVERAGE_CLIENT
Luc Masson,4,2819.51,601.4975,35.75,0.0,1,1ST_DEGREE_BAD_CLIENT
Manon Leclerc,9,13139.638888888889,9974.26,56.875,0.0,7,3RD_DEGREE_BAD_CLIENT
Corinne Leclerc,2,5278.115,1915.73,26.5,0.0,0,AVERAGE_CLIENT
Thomas Guerin,1,562.93,99.43,-2.0,100.0,0,EXCELLENT_CLIENT
Vincent Dubois,1,1746.72,284.09,1.0,0.0,0,AVERAGE_CLIENT
Amelie Laurent,8,2587.4175,177.7475,15.0,0.0,0,AVERAGE_CLIENT
Sophie Dubois,8,13051.62375,7165.245000000001,55.857142857142854,0.0,6,2ND_DEGREE_BAD_CLIENT
Nicolas Philippe,8,3466.8900000000003,510.77625,15.833333333333334,33.33333333333333,0,AVERAGE_CLIENT
Alexandre Marchand,13,12443.079230769234,9306.086153846154,56.083333333333336,0.0,8,2ND_DEGREE_BAD_CLIENT
Sophie Petit,8,3994.0062500000004,554.2775,0.5,62.5,0,AVERAGE_CLIENT
Marie Gerard,4,3017.0475,669.2625,11.333333333333334,33.33333333333333,0,AVERAGE_CLIENT
Amelie Lefevre,16,14090.089375,8586.418125,55.42857142857143,0.0,11,2ND_DEGREE_BAD_CLIENT
Sebastien Laurent,7,2456.4257142857145,429.1585714285714,17.666666666666668,33.33333333333333,0,AVERAGE_CLIENT
Corinne Garcia,7,2214.718571428571,273.15000000000003,-0.75,50.0,0,AVERAGE_CLIENT
Amelie Marchand,5,11013.634000000002,6275.982,67.5,0.0,4,1ST_DEGREE_BAD_CLIENT
Damien Rousseau,4,7756.757499999999,3179.5125,44.75,0.0,2,1ST_DEGREE_BAD_CLIENT
Thomas Perrin,7,7348.402857142857,3120.6585714285716,50.833333333333336,0.0,4,1ST_DEGREE_BAD_CLIENT
Alexandre Perrot,5,2162.1400000000003,371.076,11.0,40.0,0,AVERAGE_CLIENT
Marc Dupont,2,1464.7,36.11,0.0,50.0,0,AVERAGE_CLIENT
Helene Leclerc,3,2224.7566666666667,819.3833333333333,-1.6666666666666667,100.0,0,EXCELLENT_CLIENT
Marion Blanc,5,3076.4920000000006,360.198,10.75,0.0,0,AVERAGE_CLIENT
Marc Morin,3,4739.320000000001,449.2033333333334,10.0,66.66666666666666,0,AVERAGE_CLIENT
Helene Garnier,3,3526.8799999999997,668.21,-0.5,50.0,0,AVERAGE_CLIENT
Helene Lefevre,1,43.36,8.16,-1.0,100.0,0,EXCELLENT_CLIENT
Nathalie Morin,1,1425.63,30.3,-4.0,100.0,0,EXCELLENT_CLIENT
Emma Muller,4,6622.7775,2723.1025,50.0,0.0,1,1ST_DEGREE_BAD_CLIENT
Manon David,8,3034.16625,614.2149999999999,2.0,75.0,0,AVERAGE_CLIENT
Emma Brun,3,1331.1899999999998,268.5133333333333,-2.3333333333333335,66.66666666666666,0,AVERAGE_CLIENT
Sophie Gauthier,4,1819.68,52.792500000000004,-0.5,75.0,0,AVERAGE_CLIENT
Sebastien Petit,2,10438.955,6285.695,53.0,0.0,1,1ST_DEGREE_BAD_CLIENT
Vincent Martin,1,218.28,20.02,-4.0,100.0,0,EXCELLENT_CLIENT
Claire Moreau,3,2650.8866666666668,141.59333333333333,11.0,50.0,0,AVERAGE_CLIENT
Laura Garnier,2,2521.16,157.64,-3.0,100.0,0,EXCELLENT_CLIENT
Stephane Petit,5,3422.118,548.9559999999999,13.6,40.0,0,AVERAGE_CLIENT
Adrien Marchand,3,9255.216666666667,3697.36,45.666666666666664,0.0,2,1ST_DEGREE_BAD_CLIENT
Manon Faure,4,2329.8199999999997,44.08,-0.5,50.0,0,AVERAGE_CLIENT
Olivier Garcia,6,2439.1483333333335,228.62,7.4,60.0,1,1ST_DEGREE_BAD_CLIENT
Jean Perrin,1,6046.59,1086.9,1.0,0.0,0,AVERAGE_CLIENT
Sarah Garcia,3,2338.0633333333335,195.8066666666667,0.3333333333333333,33.33333333333333,0,AVERAGE_CLIENT
Amelie Moreau,3,1668.3566666666668,162.07666666666665,1.6666666666666667,0.0,0,AVERAGE_CLIENT
Marion Chevalier,1,2648.63,264.82,25.0,0.0,0,AVERAGE_CLIENT
Aurelie Perrot,2,2093.0299999999997,335.78,0.5,50.0,0,AVERAGE_CLIENT
Hugo Morin,5,2207.32,373.21200000000005,7.5,75.0,0,AVERAGE_CLIENT
Camille Laurent,6,7828.556666666666,2511.851666666667,44.0,0.0,1,1ST_DEGREE_BAD_CLIENT
Valerie Marchand,6,2943.0633333333335,591.765,4.75,50.0,0,AVERAGE_CLIENT
Sophie Michel,7,8533.59857142857,2895.1242857142856,40.0,0.0,3,1ST_DEGREE_BAD_CLIENT
Olivier Chevalier,2,1734.4050000000002,94.495,21.0,0.0,0,AVERAGE_CLIENT
Pierre Brun,4,2252.5550000000003,299.91749999999996,-1.0,75.0,0,AVERAGE_CLIENT
Marc Philippe,3,8795.566666666668,3680.69,21.333333333333332,0.0,1,1ST_DEGREE_BAD_CLIENT
Emma Laurent,1,996.76,48.46,1.0,0.0,0,AVERAGE_CLIENT
Claire Bernard,9,11149.130000000001,6819.153333333333,54.888888888888886,0.0,8,2ND_DEGREE_BAD_CLIENT
Adrien Guerin,4,5213.445,2327.4925000000003,68.25,0.0,4,1ST_DEGREE_BAD_CLIENT
Antoine Laurent,6,6978.07,2495.88,45.2,0.0,3,1ST_DEGREE_BAD_CLIENT
Camille Gauthier,2,1855.92,166.89499999999998,17.0,0.0,0,AVERAGE_CLIENT
Jean Robin,1,970.61,222.49,-4.0,100.0,0,EXCELLENT_CLIENT
Alexandre David,3,2976.9500000000003,330.12666666666667,8.666666666666666,33.33333333333333,0,AVERAGE_CLIENT
Jean Garnier,6,15525.886666666667,10477.108333333334,66.75,0.0,4,2ND_DEGREE_BAD_CLIENT
Sophie Garnier,6,7878.083333333333,3223.0499999999997,52.333333333333336,0.0,3,1ST_DEGREE_BAD_CLIENT
Pierre Perrot,3,3106.41,601.4333333333333,25.0,0.0,0,AVERAGE_CLIENT
Laura Faure,4,5006.7125,1923.7675,36.0,0.0,1,1ST_DEGREE_BAD_CLIENT
Damien Philippe,5,4270.464,907.9860000000001,15.2,0.0,1,1ST_DEGREE_BAD_CLIENT
Aurelie Michel,2,456.39,0.0,-2.0,50.0,0,AVERAGE_CLIENT
Corinne Garnier,3,7513.2266666666665,2468.73,61.0,0.0,1,1ST_DEGREE_BAD_CLIENT
Celine Bernard,5,3293.0559999999996,400.104,9.6,20.0,0,AVERAGE_CLIENT
Stephane Renaud,6,2519.835,481.3016666666667,5.6,40.0,0,AVERAGE_CLIENT
Olivier David,3,3787.463333333333,796.0066666666667,-1.5,100.0,0,EXCELLENT_CLIENT
Marc Renaud,1,4903.36,185.31,-5.0,100.0,0,EXCELLENT_CLIENT
Louis Masson,3,2944.1133333333332,304.91333333333336,0.5,50.0,0,AVERAGE_CLIENT
Jerome Bernard,5,3034.2560000000003,369.72200000000004,6.333333333333333,66.66666666666666,0,AVERAGE_CLIENT
Stephane Rousseau,1,1398.94,292.14,-2.0,100.0,0,EXCELLENT_CLIENT
Sarah Martin,3,2180.89,373.8433333333333,12.333333333333334,33.33333333333333,0,AVERAGE_CLIENT
Nicolas Masson,4,1706.505,52.6125,-2.0,100.0,0,EXCELLENT_CLIENT
Helene Chevalier,4,2984.2574999999997,577.1949999999999,15.0,33.33333333333333,0,AVERAGE_CLIENT
Vincent Renaud,2,1409.57,106.88,-0.5,50.0,0,AVERAGE_CLIENT
Nathalie Bernard,1,529.09,0.0,-4.0,100.0,0,EXCELLENT_CLIENT
Alexandre Robin,2,1950.255,352.41,-0.5,50.0,0,AVERAGE_CLIENT
Damien Brun,7,2228.3614285714284,200.78428571428572,12.833333333333334,16.666666666666664,0,AVERAGE_CLIENT
Antoine Lefevre,1,1349.44,282.6,-4.0,100.0,0,EXCELLENT_CLIENT
Vincent Michel,2,2278.375,314.43,1.0,50.0,0,AVERAGE_CLIENT
Manon Moreau,4,1838.4275000000002,75.2,-1.0,50.0,0,AVERAGE_CLIENT
Marc Moreau,3,1171.2966666666666,92.17666666666666,27.5,0.0,0,AVERAGE_CLIENT
Antoine Perrin,7,2868.871428571428,477.81142857142856,8.857142857142858,42.857142857142854,0,AVERAGE_CLIENT
Marion Lefevre,3,1427.0633333333333,53.44333333333333,-2.3333333333333335,66.66666666666666,0,AVERAGE_CLIENT
Luc Lefevre,2,1015.37,0.0,-3.5,100.0,0,EXCELLENT_CLIENT
Corinne Brun,4,2102.4825,333.365,17.25,50.0,0,AVERAGE_CLIENT
Claire Martin,3,3299.67,757.5333333333333,13.0,0.0,0,AVERAGE_CLIENT
Sophie Perrot,3,1757.2533333333333,473.1133333333334,-4.0,100.0,0,EXCELLENT_CLIENT
Nathalie Muller,3,3378.1999999999994,706.2033333333333,49.0,0.0,1,1ST_DEGREE_BAD_CLIENT
Romain Rousseau,5,9117.322,3688.3559999999998,50.2,0.0,3,1ST_DEGREE_BAD_CLIENT
Thomas Moreau,3,1106.2766666666666,81.98333333333333,5.0,66.66666666666666,0,AVERAGE_CLIENT
Sarah Brun,5,7246.544,2945.7480000000005,26.75,25.0,1,1ST_DEGREE_BAD_CLIENT
Helene Faure,4,6329.27,2980.9224999999997,52.0,0.0,1,1ST_DEGREE_BAD_CLIENT
Antoine Dubois,1,4909.73,646.73,19.0,0.0,0,AVERAGE_CLIENT
Anne Garnier,5,2403.3599999999997,300.142,18.8,0.0,1,1ST_DEGREE_BAD_CLIENT
Jerome Brun,4,3718.9175,593.775,5.5,25.0,0,AVERAGE_CLIENT
Luc Dubois,4,1301.2025,208.16,-3.5,100.0,0,EXCELLENT_CLIENT
Jerome Perrot,3,1966.58,38.73,15.0,50.0,0,AVERAGE_CLIENT
Marc Chevalier,6,11631.376666666669,5603.956666666666,49.0,0.0,2,1ST_DEGREE_BAD_CLIENT
Corinne Marchand,5,2302.9739999999997,242.08,15.25,25.0,0,AVERAGE_CLIENT
Luc Renaud,3,1921.55,490.02666666666664,16.0,0.0,0,AVERAGE_CLIENT
Olivier Martin,3,3683.616666666667,688.3433333333334,40.5,0.0,0,AVERAGE_CLIENT
Celine Marchand,2,1351.7150000000001,0.0,-1.0,50.0,0,AVERAGE_CLIENT
Vincent Blanc,6,2162.715,340.14833333333337,-1.1666666666666667,50.0,0,AVERAGE_CLIENT
Sophie Guerin,2,1803.15,158.79,1.5,0.0,0,AVERAGE_CLIENT
Thomas Dupont,5,11121.844000000001,8898.408,74.25,0.0,4,1ST_DEGREE_BAD_CLIENT
Claire Garcia,3,3937.83,269.64666666666665,10.666666666666666,0.0,0,AVERAGE_CLIENT
Damien Guerin,2,2644.15,701.28,3.0,50.0,0,AVERAGE_CLIENT
Anne Guerin,4,3246.9075000000003,608.1575,6.0,66.66666666666666,0,AVERAGE_CLIENT
Sarah Moreau,2,2723.62,523.3050000000001,-0.5,50.0,0,AVERAGE_CLIENT
Antoine Michel,4,3649.6049999999996,982.9975,7.5,50.0,0,AVERAGE_CLIENT
Nathalie Perrin,7,12568.707142857142,7570.897142857143,45.666666666666664,16.666666666666664,4,1ST_DEGREE_BAD_CLIENT
Marie Rousseau,3,3563.2333333333336,358.9466666666667,20.666666666666668,33.33333333333333,0,AVERAGE_CLIENT
Adrien Leclerc,3,5912.116666666666,2167.9966666666664,46.666666666666664,0.0,1,1ST_DEGREE_BAD_CLIENT
Marc Petit,3,2318.44,301.06333333333333,-2.0,100.0,0,EXCELLENT_CLIENT
Sebastien Rousseau,6,2871.443333333333,341.27,8.4,40.0,0,AVERAGE_CLIENT
Jerome Rousseau,6,6901.113333333334,2823.888333333334,48.666666666666664,0.0,5,1ST_DEGREE_BAD_CLIENT
Aurelie Rousseau,3,4250.366666666666,997.0533333333333,-1.5,100.0,0,EXCELLENT_CLIENT
Elodie Perrin,5,8058.65,3391.732,51.5,0.0,4,1ST_DEGREE_BAD_CLIENT
Julie Gauthier,3,6968.086666666666,3059.936666666667,54.333333333333336,0.0,2,1ST_DEGREE_BAD_CLIENT
Louis Martin,2,3362.63,1043.2350000000001,26.0,0.0,0,AVERAGE_CLIENT
Sebastien Robin,5,5129.776,2196.718,33.0,0.0,2,1ST_DEGREE_BAD_CLIENT
Emma Guerin,7,7764.308571428572,3470.492857142857,41.4,0.0,2,1ST_DEGREE_BAD_CLIENT
Jean Chevalier,4,9313.54,3719.7125,39.75,0.0,2,1ST_DEGREE_BAD_CLIENT
Isabelle Martin,4,2545.335,520.68,0.0,66.66666666666666,0,AVERAGE_CLIENT
Alexandre Michel,2,6070.465,2712.325,19.0,0.0,0,AVERAGE_CLIENT
Isabelle Chevalier,1,464.31,0.0,2.0,0.0,0,AVERAGE_CLIENT
Paul Faure,3,3161.2466666666664,722.9399999999999,9.5,0.0,0,AVERAGE_CLIENT
Pierre Renaud,3,3956.783333333333,999.4933333333333,19.333333333333332,0.0,0,AVERAGE_CLIENT
Helene Moreau,3,3507.47,407.2333333333333,28.333333333333332,33.33333333333333,1,1ST_DEGREE_BAD_CLIENT
Paul Renaud,8,2505.3062499999996,442.005,16.714285714285715,28.57142857142857,0,AVERAGE_CLIENT
Camille Chevalier,6,8947.888333333332,3553.1066666666666,40.2,0.0,1,1ST_DEGREE_BAD_CLIENT
Anne Faure,4,5314.8225,1373.7075,20.0,0.0,0,AVERAGE_CLIENT
Sarah Garnier,4,3979.0475,503.125,19.25,25.0,0,AVERAGE_CLIENT
Jean Martin,1,10.0,0.79,-3.0,100.0,0,EXCELLENT_CLIENT
Camille Dubois,5,2436.8920000000003,419.25200000000007,13.2,40.0,0,AVERAGE_CLIENT
Claire Lefevre,3,1425.1599999999999,233.32333333333335,-0.3333333333333333,33.33333333333333,0,AVERAGE_CLIENT
Laura Leclerc,2,3630.1,239.58499999999998,-1.5,50.0,0,AVERAGE_CLIENT
Alexandre Guerin,3,2415.4733333333334,330.56333333333333,-0.5,50.0,0,AVERAGE_CLIENT
Paul Guerin,2,1441.35,100.28,-1.0,100.0,0,EXCELLENT_CLIENT
Antoine Martin,4,9242.955,4338.585,62.5,0.0,2,1ST_DEGREE_BAD_CLIENT
Manon Brun,4,798.8599999999999,91.66250000000001,1.5,50.0,0,AVERAGE_CLIENT
Adrien Garcia,3,2993.933333333333,646.3466666666667,10.666666666666666,0.0,0,AVERAGE_CLIENT
Jerome Garnier,2,1895.795,110.09,17.5,0.0,0,AVERAGE_CLIENT
Julie Masson,1,3359.3,147.82,19.0,0.0,0,AVERAGE_CLIENT
Pierre Laurent,2,2348.08,69.955,-1.5,100.0,0,EXCELLENT_CLIENT
Sophie Martin,1,909.47,0.0,-1.0,100.0,0,EXCELLENT_CLIENT
Amelie Chevalier,3,2089.8799999999997,377.98333333333335,-2.0,100.0,0,EXCELLENT_CLIENT
Marion Martin,6,3382.4916666666663,481.09666666666664,4.0,40.0,0,AVERAGE_CLIENT
Helene David,1,1481.06,179.42,-3.0,100.0,0,EXCELLENT_CLIENT
Marc Guerin,1,2918.29,376.31,-4.0,100.0,0,EXCELLENT_CLIENT
Louis Guerin,4,1410.3475,42.712500000000006,-2.75,75.0,0,AVERAGE_CLIENT
Aurelie Morin,3,4215.48,546.7766666666666,17.333333333333332,0.0,0,AVERAGE_CLIENT
Amelie Garcia,7,2606.077142857143,355.9214285714285,1.4,40.0,0,AVERAGE_CLIENT
Hugo Laurent,1,1048.84,127.54,-5.0,100.0,0,EXCELLENT_CLIENT
Claire Masson,3,4004.616666666667,1017.8833333333333,5.0,50.0,0,AVERAGE_CLIENT
Sebastien Renaud,1,2373.36,0.0,0.0,100.0,0,EXCELLENT_CLIENT
Claire Laurent,1,1102.06,151.73,-5.0,100.0,0,EXCELLENT_CLIENT
Julie Leclerc,1,1324.38,135.51,2.0,0.0,0,AVERAGE_CLIENT
Helene Renaud,1,2938.28,290.72,4.0,0.0,0,AVERAGE_CLIENT
Valerie Gerard,2,2183.565,124.63,0.5,50.0,0,AVERAGE_CLIENT
Julie Perrot,2,503.665,35.629999999999995,8.5,0.0,0,AVERAGE_CLIENT
Stephane Laurent,2,1096.9,151.25,4.0,0.0,0,AVERAGE_CLIENT
Elodie Robin,3,5910.746666666666,2699.5033333333336,43.333333333333336,0.0,2,1ST_DEGREE_BAD_CLIENT
Sebastien Guerin,1,3772.79,481.99,,0.0,0,AVERAGE_CLIENT
Sarah David,4,2976.9725,594.325,13.5,0.0,1,1ST_DEGREE_BAD_CLIENT
Romain Muller,1,1344.01,161.78,-3.0,100.0,0,EXCELLENT_CLIENT
Baptiste Philippe,6,3713.1783333333333,597.2650000000001,15.8,40.0,0,AVERAGE_CLIENT
Nicolas David,4,1071.8975,39.755,-1.75,100.0,0,EXCELLENT_CLIENT
Emma Renaud,1,2563.42,674.73,36.0,0.0,0,AVERAGE_CLIENT
Elodie Leclerc,5,3548.5339999999997,765.042,10.333333333333334,66.66666666666666,0,AVERAGE_CLIENT
Aurelie Brun,2,2940.415,776.58,1.0,0.0,0,AVERAGE_CLIENT
Amelie Garnier,2,988.1800000000001,31.72,-2.0,100.0,0,EXCELLENT_CLIENT
Aurelie Chevalier,2,4168.78,1423.21,2.0,0.0,0,AVERAGE_CLIENT
Nicolas Gauthier,4,3097.0325,482.7875,7.333333333333333,0.0,0,AVERAGE_CLIENT
Jerome Blanc,2,4481.335,1414.3600000000001,2.5,0.0,0,AVERAGE_CLIENT
Paul Garcia,6,11366.435,6481.461666666667,56.6,0.0,5,1ST_DEGREE_BAD_CLIENT
Sophie Morin,3,529.8633333333333,26.429999999999996,5.666666666666667,66.66666666666666,0,AVERAGE_CLIENT
Romain Michel,2,1113.79,65.765,-2.5,100.0,0,EXCELLENT_CLIENT
Sophie Gerard,4,6078.125,2800.54,52.75,25.0,3,1ST_DEGREE_BAD_CLIENT
Antoine Garcia,3,3729.906666666667,592.8933333333333,2.0,66.66666666666666,0,AVERAGE_CLIENT
Sophie David,2,1801.715,431.93,24.5,0.0,0,AVERAGE_CLIENT
Isabelle Laurent,2,4030.875,467.04999999999995,29.5,0.0,1,1ST_DEGREE_BAD_CLIENT
Romain Chevalier,3,2922.8233333333333,313.62666666666667,3.0,50.0,0,AVERAGE_CLIENT
Hugo Chevalier,2,2197.915,48.09,-4.5,100.0,0,EXCELLENT_CLIENT
Julie Laurent,2,7277.7,3716.1549999999997,0.0,100.0,0,EXCELLENT_CLIENT
Baptiste Rousseau,2,7898.344999999999,4789.575,41.0,0.0,0,AVERAGE_CLIENT
Hugo Faure,5,9754.472,4167.228,46.25,0.0,2,1ST_DEGREE_BAD_CLIENT
Aurelie Garcia,1,445.63,146.23,,0.0,0,AVERAGE_CLIENT
Celine Faure,4,14074.752499999999,6867.655000000001,46.0,25.0,3,1ST_DEGREE_BAD_CLIENT
Nathalie Faure,3,844.68,30.263333333333335,-1.0,66.66666666666666,0,AVERAGE_CLIENT
Elodie Gerard,4,1995.4025,235.8875,1.3333333333333333,0.0,0,AVERAGE_CLIENT
Manon Philippe,3,1110.1233333333334,37.61333333333333,0.6666666666666666,33.33333333333333,0,AVERAGE_CLIENT
Alexandre Laurent,2,2793.12,427.56500000000005,-2.0,100.0,0,EXCELLENT_CLIENT
Luc Gerard,1,781.71,230.26,2.0,0.0,0,AVERAGE_CLIENT
Romain Lefevre,4,5960.685,2310.945,37.25,0.0,1,1ST_DEGREE_BAD_CLIENT
Adrien Brun,4,10126.225,3781.1074999999996,32.75,0.0,2,1ST_DEGREE_BAD_CLIENT
Camille Muller,2,646.86,106.63000000000001,0.0,50.0,0,AVERAGE_CLIENT
Manon Rousseau,1,105.72,14.04,-2.0,100.0,0,EXCELLENT_CLIENT
Vincent Dupont,5,3456.6200000000003,335.77,4.75,25.0,0,AVERAGE_CLIENT
Elodie Muller,4,3187.495,315.32,2.0,33.33333333333333,0,AVERAGE_CLIENT
Nathalie Laurent,2,3809.375,790.67,6.5,50.0,0,AVERAGE_CLIENT
Elodie Faure,2,3378.1,936.51,41.5,0.0,0,AVERAGE_CLIENT
Paul Morin,1,2073.53,0.0,-3.0,100.0,0,EXCELLENT_CLIENT
Jean David,2,1946.47,0.0,1.5,0.0,0,AVERAGE_CLIENT
Laura Perrot,3,2212.763333333334,165.58333333333334,-2.3333333333333335,100.0,0,EXCELLENT_CLIENT
Vincent Moreau,1,1731.21,160.1,-4.0,100.0,0,EXCELLENT_CLIENT
Sarah Perrot,2,738.905,33.6,2.0,0.0,0,AVERAGE_CLIENT
Camille Guerin,2,2582.755,85.41,-2.5,100.0,0,EXCELLENT_CLIENT
Manon Muller,2,2005.685,212.3,-0.5,50.0,0,AVERAGE_CLIENT
Sebastien Brun,3,991.3066666666667,67.5,-2.3333333333333335,66.66666666666666,0,AVERAGE_CLIENT
Baptiste Lefevre,2,3644.975,252.195,11.5,50.0,0,AVERAGE_CLIENT
Sebastien Philippe,2,607.175,9.04,4.5,0.0,0,AVERAGE_CLIENT
Amelie Morin,2,1727.455,122.625,1.5,0.0,0,AVERAGE_CLIENT
Louis Marchand,2,2112.975,109.595,7.0,0.0,0,AVERAGE_CLIENT
Valerie Muller,4,3230.7749999999996,429.5925,15.0,25.0,0,AVERAGE_CLIENT
Julie Petit,1,1409.48,85.46,1.0,0.0,0,AVERAGE_CLIENT
Olivier Gauthier,3,2166.7966666666666,111.04,-0.6666666666666666,33.33333333333333,0,AVERAGE_CLIENT
Alexandre Morin,3,1575.6499999999999,137.56666666666666,-0.6666666666666666,100.0,0,EXCELLENT_CLIENT
Pierre Lefevre,1,258.93,0.0,-2.0,100.0,0,EXCELLENT_CLIENT
Julie Blanc,2,1600.675,348.075,21.5,0.0,0,AVERAGE_CLIENT
Luc Chevalier,1,4059.08,1251.6,1.0,0.0,0,AVERAGE_CLIENT
Valerie Robin,1,1926.41,316.93,2.0,0.0,0,AVERAGE_CLIENT
Sebastien Perrot,3,1693.573333333333,0.0,-2.0,100.0,0,EXCELLENT_CLIENT
Elodie Morin,1,747.32,22.31,24.0,0.0,0,AVERAGE_CLIENT
Julie Chevalier,3,1864.6433333333334,87.33999999999999,0.0,33.33333333333333,0,AVERAGE_CLIENT
Marc Muller,4,2355.535,408.67499999999995,7.0,25.0,0,AVERAGE_CLIENT
Nicolas Morin,2,3952.7400000000002,421.54999999999995,11.5,50.0,0,AVERAGE_CLIENT
Emma Moreau,2,2669.245,690.435,9.0,0.0,0,AVERAGE_CLIENT
Alexandre Faure,3,717.91,95.95,5.0,33.33333333333333,0,AVERAGE_CLIENT
Romain Brun,2,1661.3049999999998,0.0,0.5,50.0,0,AVERAGE_CLIENT
Amelie Robin,2,13002.135,7938.285,25.0,50.0,1,1ST_DEGREE_BAD_CLIENT
Nicolas Gerard,2,1638.1950000000002,0.0,-1.0,50.0,0,AVERAGE_CLIENT
Adrien David,5,2107.5260000000003,91.16999999999999,-2.4,100.0,0,EXCELLENT_CLIENT
Jean Morin,5,7100.496000000001,2898.6760000000004,46.2,0.0,2,1ST_DEGREE_BAD_CLIENT
Emma Bernard,5,3804.25,420.6339999999999,17.0,0.0,1,1ST_DEGREE_BAD_CLIENT
Luc Petit,2,1069.575,164.7,-1.5,100.0,0,EXCELLENT_CLIENT
Julie Gerard,3,887.4200000000001,78.89999999999999,-0.6666666666666666,66.66666666666666,0,AVERAGE_CLIENT
Pierre Gerard,3,938.1533333333333,42.22333333333333,-3.0,100.0,0,EXCELLENT_CLIENT
Emma Perrot,1,1462.51,0.0,1.0,0.0,0,AVERAGE_CLIENT
Helene Marchand,4,2818.795,514.3575,8.0,25.0,0,AVERAGE_CLIENT
Marie Robin,4,1479.8325,115.99749999999999,1.25,50.0,0,AVERAGE_CLIENT
Marie Garnier,2,4657.755,2142.96,65.5,0.0,2,1ST_DEGREE_BAD_CLIENT
Julie David,1,2219.99,0.0,-5.0,100.0,0,EXCELLENT_CLIENT
Hugo Garnier,3,4643.053333333333,510.03000000000003,15.0,50.0,0,AVERAGE_CLIENT
Thomas Leclerc,2,1341.785,20.24,-2.5,100.0,0,EXCELLENT_CLIENT
Alexandre Dubois,3,2854.9466666666667,298.3833333333333,1.0,33.33333333333333,0,AVERAGE_CLIENT
Celine Chevalier,3,10364.763333333334,3954.5433333333335,31.0,0.0,0,AVERAGE_CLIENT
Nicolas Guerin,4,1738.3575,159.995,1.25,50.0,0,AVERAGE_CLIENT
Louis Brun,1,2081.6,92.19,2.0,0.0,0,AVERAGE_CLIENT
Amelie Leclerc,1,2917.26,0.0,-4.0,100.0,0,EXCELLENT_CLIENT
Isabelle Perrot,3,2324.15,472.89000000000004,1.0,0.0,0,AVERAGE_CLIENT
Thomas Garcia,2,1675.8600000000001,304.32500000000005,1.0,0.0,0,AVERAGE_CLIENT
Paul Laurent,1,863.97,100.11,-2.0,100.0,0,EXCELLENT_CLIENT
Amelie Rousseau,1,10.0,0.0,-2.0,100.0,0,EXCELLENT_CLIENT
Adrien Robin,4,2824.895,494.14000000000004,6.5,25.0,0,AVERAGE_CLIENT
Marie Morin,2,3967.1800000000003,785.52,1.0,0.0,0,AVERAGE_CLIENT
Elodie Masson,1,9284.18,4931.23,50.0,0.0,1,1ST_DEGREE_BAD_CLIENT
Antoine Muller,2,13768.535,4402.165,,0.0,0,AVERAGE_CLIENT
Paul Moreau,2,1345.155,63.83,-1.0,100.0,0,EXCELLENT_CLIENT
Laura Morin,4,1297.4825,7.6925,-0.75,50.0,0,AVERAGE_CLIENT
Julie Moreau,4,2940.1025,333.6675,6.0,33.33333333333333,0,AVERAGE_CLIENT
Olivier Brun,1,1361.78,0.0,-5.0,100.0,0,EXCELLENT_CLIENT
Baptiste Martin,1,10.0,0.7,-5.0,100.0,0,EXCELLENT_CLIENT
Amelie Renaud,1,4776.58,1366.48,53.0,0.0,1,1ST_DEGREE_BAD_CLIENT
Jean Masson,1,754.42,0.0,1.0,0.0,0,AVERAGE_CLIENT
Stephane Guerin,1,609.91,0.0,-2.0,100.0,0,EXCELLENT_CLIENT
Camille Leclerc,1,866.4,0.0,-5.0,100.0,0,EXCELLENT_CLIENT
Manon Gerard,1,3371.67,684.14,,0.0,0,AVERAGE_CLIENT
Jean Gauthier,2,1202.155,54.435,0.0,50.0,0,AVERAGE_CLIENT
Nicolas Faure,1,4244.16,246.5,30.0,0.0,0,AVERAGE_CLIENT
Vincent Perrin,3,4024.2966666666666,978.6300000000001,6.0,50.0,0,AVERAGE_CLIENT
Valerie Masson,2,13793.035,8746.99,47.5,0.0,1,1ST_DEGREE_BAD_CLIENT
Pierre Philippe,2,3125.36,544.015,18.0,0.0,0,AVERAGE_CLIENT
Romain Martin,1,8653.8,4070.42,,0.0,0,AVERAGE_CLIENT
Alexandre Garnier,4,1651.8,122.9425,-2.0,100.0,0,EXCELLENT_CLIENT
Antoine Faure,2,3513.8100000000004,454.795,1.0,0.0,0,AVERAGE_CLIENT
Marc Marchand,3,3038.34,653.7066666666666,26.666666666666668,0.0,1,1ST_DEGREE_BAD_CLIENT
Marion Philippe,3,1578.5133333333333,238.35,-2.6666666666666665,100.0,0,EXCELLENT_CLIENT
Isabelle Perrin,1,1823.86,0.0,-5.0,100.0,0,EXCELLENT_CLIENT
Nicolas Dupont,2,3102.985,377.19500000000005,-3.5,100.0,0,EXCELLENT_CLIENT
Jean Bernard,2,1473.565,105.885,-4.0,100.0,0,EXCELLENT_CLIENT
Antoine Marchand,1,4777.85,1223.74,-2.0,100.0,0,EXCELLENT_CLIENT
Hugo Renaud,2,126.61,0.38,-1.0,50.0,0,AVERAGE_CLIENT
Paul Rousseau,2,906.71,152.555,-2.0,100.0,0,EXCELLENT_CLIENT
Valerie Michel,1,1650.05,410.42,1.0,0.0,0,AVERAGE_CLIENT
Luc Dupont,4,1696.59,115.7725,2.0,50.0,0,AVERAGE_CLIENT
Nathalie Brun,1,1466.84,25.67,0.0,100.0,0,EXCELLENT_CLIENT
Camille Lefevre,1,1594.1,59.98,-5.0,100.0,0,EXCELLENT_CLIENT
Elodie Brun,3,1252.9333333333334,98.79,-2.6666666666666665,66.66666666666666,0,AVERAGE_CLIENT
Valerie Faure,1,8002.69,3971.77,,0.0,0,AVERAGE_CLIENT
Marc Robin,1,1919.28,117.39,-2.0,100.0,0,EXCELLENT_CLIENT
Olivier Muller,3,1047.2866666666666,40.596666666666664,-0.6666666666666666,33.33333333333333,0,AVERAGE_CLIENT
Julie Garcia,1,876.89,0.0,-4.0,100.0,0,EXCELLENT_CLIENT
Emma Gerard,1,2183.54,160.05,21.0,0.0,0,AVERAGE_CLIENT
Corinne Chevalier,1,1539.35,0.0,-4.0,100.0,0,EXCELLENT_CLIENT
Anne Masson,1,1766.31,209.85,0.0,100.0,0,EXCELLENT_CLIENT
Aurelie Guerin,1,2657.78,0.0,,0.0,0,AVERAGE_CLIENT
Manon Garcia,1,1997.69,154.28,-5.0,100.0,0,EXCELLENT_CLIENT
Nicolas Leclerc,1,2473.45,660.02,,0.0,0,AVERAGE_CLIENT
Hugo Perrot,3,2709.4033333333336,81.92,-1.0,100.0,0,EXCELLENT_CLIENT
Sophie Lefevre,1,4209.41,771.99,39.0,0.0,0,AVERAGE_CLIENT
Jerome Robin,1,1041.22,0.0,2.0,0.0,0,AVERAGE_CLIENT
Vincent Philippe,3,3247.2400000000002,538.7766666666666,38.0,0.0,0,AVERAGE_CLIENT
Sebastien Leclerc,4,4058.745,358.27,8.333333333333334,66.66666666666666,0,AVERAGE_CLIENT
Aurelie Petit,3,3341.436666666667,628.6133333333333,0.6666666666666666,33.33333333333333,0,AVERAGE_CLIENT
Marion Masson,2,360.91999999999996,2.84,-3.0,100.0,0,EXCELLENT_CLIENT
Thomas Bernard,1,2045.87,0.0,-5.0,100.0,0,EXCELLENT_CLIENT
Isabelle Bernard,1,4196.65,783.39,-4.0,100.0,0,EXCELLENT_CLIENT
Romain Gauthier,2,4928.08,2559.0550000000003,39.0,0.0,1,1ST_DEGREE_BAD_CLIENT
Sophie Blanc,1,1282.79,0.0,-3.0,100.0,0,EXCELLENT_CLIENT
Damien Perrin,2,1113.23,74.975,-0.5,50.0,0,AVERAGE_CLIENT
Nathalie Lefevre,1,536.77,66.12,-3.0,100.0,0,EXCELLENT_CLIENT
Romain Dupont,1,2288.34,183.45,-4.0,100.0,0,EXCELLENT_CLIENT
Camille Blanc,2,2126.25,464.84,17.5,0.0,0,AVERAGE_CLIENT
Hugo Garcia,1,1778.91,130.55,-2.0,100.0,0,EXCELLENT_CLIENT
Vincent Faure,2,799.39,15.485,0.0,50.0,0,AVERAGE_CLIENT
Claire Rousseau,1,1589.11,357.39,-2.0,100.0,0,EXCELLENT_CLIENT
Pierre Dubois,1,1499.76,203.84,0.0,100.0,0,EXCELLENT_CLIENT
Olivier Masson,1,811.27,0.0,-3.0,100.0,0,EXCELLENT_CLIENT
Sarah Blanc,1,4133.78,468.88,3.0,0.0,0,AVERAGE_CLIENT
Celine Garcia,2,1621.87,89.105,-1.0,100.0,0,EXCELLENT_CLIENT
Romain Marchand,1,2369.1,0.0,-3.0,100.0,0,EXCELLENT_CLIENT
Jean Petit,2,3935.7299999999996,696.755,4.5,50.0,0,AVERAGE_CLIENT
Elodie Perrot,1,9031.98,3071.8,30.0,0.0,0,AVERAGE_CLIENT
Elodie Garnier,1,984.06,155.05,1.0,0.0,0,AVERAGE_CLIENT
Nicolas Blanc,2,10382.785,5010.1,67.0,0.0,2,1ST_DEGREE_BAD_CLIENT
Helene Gerard,1,1351.37,0.0,-4.0,100.0,0,EXCELLENT_CLIENT
Hugo Dupont,1,1952.8,232.13,-1.0,100.0,0,EXCELLENT_CLIENT
Nathalie Petit,2,1932.955,369.78999999999996,4.5,50.0,0,AVERAGE_CLIENT
Julie Garnier,1,1013.48,0.0,-2.0,100.0,0,EXCELLENT_CLIENT
Louis Laurent,2,2949.815,0.0,-1.0,50.0,0,AVERAGE_CLIENT
Paul Lefevre,1,2729.91,565.51,-1.0,100.0,0,EXCELLENT_CLIENT
Sebastien Garnier,2,1328.495,173.445,8.5,50.0,0,AVERAGE_CLIENT
Louis David,2,2915.105,649.4549999999999,14.5,0.0,0,AVERAGE_CLIENT
Claire Robin,1,3033.0,0.0,8.0,0.0,0,AVERAGE_CLIENT
Luc Guerin,1,1611.09,277.14,-1.0,100.0,0,EXCELLENT_CLIENT
Sarah Dubois,1,2429.54,258.81,1.0,0.0,0,AVERAGE_CLIENT
Adrien Perrot,2,1159.3899999999999,0.0,-0.5,50.0,0,AVERAGE_CLIENT
Sarah Faure,1,1779.42,316.3,0.0,100.0,0,EXCELLENT_CLIENT
Elodie Guerin,1,5140.16,930.19,,0.0,0,AVERAGE_CLIENT
Celine Dubois,1,911.49,146.34,-3.0,100.0,0,EXCELLENT_CLIENT
Laura Bernard,1,2471.45,184.35,-3.0,100.0,0,EXCELLENT_CLIENT
Jerome Marchand,1,1911.99,165.73,1.0,0.0,0,AVERAGE_CLIENT
Anne Moreau,1,1120.68,94.36,-4.0,100.0,0,EXCELLENT_CLIENT
Sebastien Dupont,1,1144.63,110.5,-4.0,100.0,0,EXCELLENT_CLIENT
Corinne Perrot,1,3295.87,472.7,,0.0,0,AVERAGE_CLIENT
