client_name,invoice_count,avg_amount,avg_remaining,avg_delay,on_time_percentage,very_late_payments,label
Anne Dubois,3,3100.0800000000004,484.35999999999996,0.6666666666666666,33.33333333333333,0,AVERAGE_CLIENT
Camille Philippe,7,2715.308571428571,519.6042857142858,256.42857142857144,42.857142857142854,2,AVERAGE_CLIENT
Jerome Morin,6,9163.353333333334,3207.556666666667,124.16666666666667,0.0,5,AVERAGE_CLIENT
Celine David,6,6614.169999999999,2681.866666666667,33.333333333333336,0.0,0,AVERAGE_CLIENT
Corinne Guerin,5,14952.812,11717.369999999999,79.0,0.0,5,2ND_DEGREE_BAD_CLIENT
Camille Morin,5,7577.428,2734.6580000000004,167.0,20.0,4,2ND_DEGREE_BAD_CLIENT
Stephane Garcia,7,8102.931428571429,3274.3685714285716,201.71428571428572,0.0,3,1ST_DEGREE_BAD_CLIENT
Olivier Dupont,8,12986.69125,8347.6725,56.75,0.0,5,2ND_DEGREE_BAD_CLIENT
Marc Dubois,9,3235.6355555555556,541.6955555555555,91.55555555555556,44.44444444444444,1,2ND_DEGREE_BAD_CLIENT
Thomas Garnier,9,12880.025555555556,7049.510000000001,45.77777777777778,0.0,5,2ND_DEGREE_BAD_CLIENT
Olivier Petit,4,3813.9674999999997,629.355,93.0,25.0,1,2ND_DEGREE_BAD_CLIENT
Hugo Garcia,6,8510.775,4045.963333333333,299.3333333333333,0.0,6,1ST_DEGREE_BAD_CLIENT
Romain Petit,4,1341.7425,131.945,5.25,75.0,0,AVERAGE_CLIENT
Marion Bernard,7,8180.981428571428,3288.437142857143,37.57142857142857,14.285714285714285,3,1ST_DEGREE_BAD_CLIENT
Vincent Michel,7,7971.949999999999,2666.811428571428,255.42857142857142,0.0,5,1ST_DEGREE_BAD_CLIENT
Sebastien Faure,2,1997.5900000000001,136.65,1.5,0.0,0,AVERAGE_CLIENT
Aurelie Rousseau,6,2255.603333333333,90.03500000000001,1.6666666666666667,16.666666666666664,0,AVERAGE_CLIENT
Claire Robin,17,14252.20411764706,11313.152941176471,169.23529411764707,0.0,16,3RD_DEGREE_BAD_CLIENT
Alexandre Garcia,7,10933.848571428573,6712.8885714285725,67.42857142857143,0.0,6,1ST_DEGREE_BAD_CLIENT
Claire Morin,4,1287.2925,14.879999999999999,-0.75,50.0,0,1ST_DEGREE_BAD_CLIENT
Marion Martin,5,1653.2940000000003,189.608,-0.4,60.0,0,1ST_DEGREE_BAD_CLIENT
Baptiste Muller,4,1107.735,68.0875,-2.25,75.0,0,1ST_DEGREE_BAD_CLIENT
Isabelle Martin,2,1128.87,0.005,-3.5,100.0,0,EXCELLENT_CLIENT
Emma Moreau,8,12005.17875,10111.9225,67.5,0.0,8,3RD_DEGREE_BAD_CLIENT
Stephane Robin,6,3474.6733333333336,540.4516666666667,6.666666666666667,33.33333333333333,0,AVERAGE_CLIENT
Laura Dubois,6,6967.278333333333,3195.536666666667,68.0,0.0,2,AVERAGE_CLIENT
Valerie Marchand,15,12016.496000000001,9610.947999999999,210.8,0.0,15,2ND_DEGREE_BAD_CLIENT
Marc Rousseau,12,10371.138333333334,8415.426666666668,196.66666666666666,0.0,11,2ND_DEGREE_BAD_CLIENT
Vincent Moreau,7,2781.8514285714286,448.7628571428571,3.2857142857142856,57.14285714285714,0,AVERAGE_CLIENT
Celine Petit,6,2838.4600000000005,355.52666666666664,138.16666666666666,16.666666666666664,1,AVERAGE_CLIENT
Olivier Perrot,7,10861.839999999998,7038.424285714286,120.85714285714286,14.285714285714285,5,1ST_DEGREE_BAD_CLIENT
Julie David,3,13824.543333333333,8670.046666666667,232.66666666666666,0.0,2,1ST_DEGREE_BAD_CLIENT
Olivier Perrin,12,9473.529166666667,7881.556666666667,266.0,8.333333333333332,10,2ND_DEGREE_BAD_CLIENT
Stephane Gauthier,11,11171.80909090909,8776.58181818182,142.54545454545453,0.0,10,2ND_DEGREE_BAD_CLIENT
Corinne Lefevre,5,2874.4939999999997,414.86,117.6,0.0,1,2ND_DEGREE_BAD_CLIENT
Celine Perrot,12,12340.390833333333,9192.784166666666,128.25,0.0,9,2ND_DEGREE_BAD_CLIENT
Baptiste Martin,8,8595.66875,3720.84875,162.625,37.5,4,2ND_DEGREE_BAD_CLIENT
Baptiste Rousseau,14,12808.017857142855,10853.052857142857,239.57142857142858,0.0,13,3RD_DEGREE_BAD_CLIENT
Marion Lefevre,13,11456.298461538461,9319.683846153846,291.84615384615387,0.0,10,2ND_DEGREE_BAD_CLIENT
Elodie Renaud,10,8095.147,3536.406,129.9,0.0,8,2ND_DEGREE_BAD_CLIENT
Jerome Dupont,3,1316.6666666666667,117.82000000000001,-1.0,66.66666666666666,0,2ND_DEGREE_BAD_CLIENT
Helene Garnier,4,2372.8775,249.3025,229.25,25.0,3,2ND_DEGREE_BAD_CLIENT
Nathalie Rousseau,1,2403.84,265.87,0.0,100.0,0,EXCELLENT_CLIENT
Sophie Chevalier,7,3351.62,468.76714285714286,59.285714285714285,28.57142857142857,1,EXCELLENT_CLIENT
Marie Faure,7,3954.2285714285713,566.3814285714286,130.0,28.57142857142857,1,EXCELLENT_CLIENT
Jerome Rousseau,14,13189.319999999998,9999.010714285714,63.57142857142857,0.0,10,3RD_DEGREE_BAD_CLIENT
Luc Dubois,9,6833.818888888888,2254.921111111111,94.77777777777777,0.0,4,3RD_DEGREE_BAD_CLIENT
Elodie Michel,4,1532.5675,146.3625,307.25,0.0,2,3RD_DEGREE_BAD_CLIENT
Romain Laurent,8,9651.061249999999,4381.735,36.0,0.0,2,2ND_DEGREE_BAD_CLIENT
Antoine Garcia,9,3415.412222222222,583.8066666666667,146.11111111111111,22.22222222222222,2,2ND_DEGREE_BAD_CLIENT
Claire Moreau,2,1503.755,109.89,-3.0,100.0,0,EXCELLENT_CLIENT
Helene Blanc,4,2061.5975,166.14749999999998,-2.0,75.0,0,EXCELLENT_CLIENT
Damien Masson,3,822.4533333333333,41.050000000000004,10.0,33.33333333333333,0,AVERAGE_CLIENT
Julie Petit,16,10764.766875000001,6698.94625,83.5625,6.25,10,2ND_DEGREE_BAD_CLIENT
Romain Renaud,8,13711.272500000001,8330.51,68.75,0.0,4,2ND_DEGREE_BAD_CLIENT
Laura Renaud,9,11379.407777777778,6571.233333333334,114.88888888888889,0.0,6,2ND_DEGREE_BAD_CLIENT
Valerie Rousseau,4,5862.3475,2101.5074999999997,261.0,25.0,3,2ND_DEGREE_BAD_CLIENT
Emma Bernard,3,2033.0233333333333,175.29999999999998,345.6666666666667,0.0,1,2ND_DEGREE_BAD_CLIENT
Damien Leclerc,8,8457.75375,3561.7825000000003,72.625,0.0,5,2ND_DEGREE_BAD_CLIENT
Olivier Michel,5,2196.5460000000003,406.30800000000005,151.6,20.0,1,2ND_DEGREE_BAD_CLIENT
Julie Garnier,4,3725.395,391.8575,220.25,25.0,2,2ND_DEGREE_BAD_CLIENT
Stephane Morin,5,7804.295999999999,3219.506,88.6,0.0,3,2ND_DEGREE_BAD_CLIENT
Emma Garcia,3,1277.01,10.290000000000001,-4.666666666666667,100.0,0,EXCELLENT_CLIENT
Isabelle Moreau,5,8039.764000000001,3225.568,43.2,0.0,1,1ST_DEGREE_BAD_CLIENT
Antoine Laurent,4,4029.3799999999997,615.2425000000001,232.0,50.0,1,1ST_DEGREE_BAD_CLIENT
Anne Marchand,7,10308.734285714285,6675.4342857142865,60.42857142857143,0.0,7,1ST_DEGREE_BAD_CLIENT
Olivier Bernard,5,2929.38,633.506,6.8,20.0,0,AVERAGE_CLIENT
Hugo Renaud,3,2523.2233333333334,152.51,0.3333333333333333,66.66666666666666,0,AVERAGE_CLIENT
Olivier Guerin,3,1151.6000000000001,102.47666666666667,0.6666666666666666,33.33333333333333,0,AVERAGE_CLIENT
Louis Michel,9,11704.321111111112,7143.434444444445,159.55555555555554,11.11111111111111,5,2ND_DEGREE_BAD_CLIENT
Paul Marchand,8,7658.69625,3415.5025,80.75,12.5,4,2ND_DEGREE_BAD_CLIENT
Jerome Marchand,5,5889.358,2531.35,35.8,20.0,3,2ND_DEGREE_BAD_CLIENT
Pierre Moreau,6,3072.986666666667,407.5783333333333,0.3333333333333333,50.0,0,AVERAGE_CLIENT
Emma Philippe,4,3419.63,853.6175000000001,7.25,0.0,0,AVERAGE_CLIENT
Paul Brun,7,3939.5014285714283,631.7714285714285,158.28571428571428,42.857142857142854,2,AVERAGE_CLIENT
Emma Garnier,4,3186.7575,386.9075,-2.25,75.0,0,AVERAGE_CLIENT
Julie Chevalier,10,10887.39,6221.805,76.6,10.0,8,2ND_DEGREE_BAD_CLIENT
Paul Masson,7,2087.9900000000002,409.5042857142857,112.71428571428571,14.285714285714285,1,2ND_DEGREE_BAD_CLIENT
Baptiste Robin,7,12989.524285714286,7196.405714285714,136.14285714285714,14.285714285714285,5,1ST_DEGREE_BAD_CLIENT
Hugo Dupont,6,10586.568333333333,3981.2683333333334,113.83333333333333,0.0,4,1ST_DEGREE_BAD_CLIENT
Jerome David,10,11619.079,7021.9659999999985,278.7,0.0,7,2ND_DEGREE_BAD_CLIENT
Helene Marchand,7,6979.941428571429,2397.4242857142854,119.28571428571429,0.0,5,2ND_DEGREE_BAD_CLIENT
Damien Rousseau,9,10874.93,8545.794444444444,207.66666666666666,0.0,9,2ND_DEGREE_BAD_CLIENT
Luc Dupont,11,10701.645454545454,6412.291818181818,76.81818181818181,18.181818181818183,5,2ND_DEGREE_BAD_CLIENT
Vincent Martin,5,3092.994,340.636,43.0,60.0,1,2ND_DEGREE_BAD_CLIENT
Marie Blanc,3,2784.126666666667,438.90000000000003,134.0,33.33333333333333,1,2ND_DEGREE_BAD_CLIENT
Marc Martin,3,1091.2766666666666,93.28000000000002,-2.0,100.0,0,EXCELLENT_CLIENT
Alexandre Petit,3,3961.506666666666,267.55,2.3333333333333335,33.33333333333333,0,AVERAGE_CLIENT
Nicolas Dupont,2,6809.385,3400.8100000000004,24.5,0.0,0,AVERAGE_CLIENT
Nicolas Gauthier,5,1435.258,99.88,-1.2,80.0,0,GOOD_CLIENT
Elodie Perrin,5,3830.6899999999996,397.93600000000004,10.6,20.0,0,AVERAGE_CLIENT
Adrien Gerard,5,2721.672,100.878,124.8,20.0,1,AVERAGE_CLIENT
Sarah Robin,4,1932.7825,234.79249999999996,-3.25,100.0,0,EXCELLENT_CLIENT
Paul Dubois,15,12836.403333333334,10239.457333333334,66.73333333333333,6.666666666666667,12,3RD_DEGREE_BAD_CLIENT
Sarah Petit,5,2083.098,390.56399999999996,128.8,60.0,1,3RD_DEGREE_BAD_CLIENT
Marion Leclerc,4,2421.58,343.665,180.5,75.0,1,3RD_DEGREE_BAD_CLIENT
Olivier Gerard,4,3699.7625,442.9475,172.5,25.0,1,3RD_DEGREE_BAD_CLIENT
Manon Martin,11,11166.396363636364,9236.784545454546,187.27272727272728,0.0,10,2ND_DEGREE_BAD_CLIENT
Nicolas Blanc,4,6878.5675,2988.7300000000005,35.0,0.0,1,2ND_DEGREE_BAD_CLIENT
Sebastien Masson,5,3077.8720000000003,361.282,67.2,40.0,1,2ND_DEGREE_BAD_CLIENT
Anne Gauthier,3,2921.273333333333,593.76,156.33333333333334,33.33333333333333,1,2ND_DEGREE_BAD_CLIENT
Adrien Gauthier,11,12371.281818181818,7633.025454545455,103.72727272727273,0.0,8,2ND_DEGREE_BAD_CLIENT
Romain Robin,3,6055.240000000001,2634.09,454.3333333333333,0.0,2,2ND_DEGREE_BAD_CLIENT
Olivier Garnier,6,1408.3666666666668,95.10333333333331,-0.6666666666666666,66.66666666666666,0,2ND_DEGREE_BAD_CLIENT
Helene Robin,4,1576.0075000000002,348.9475,151.75,25.0,1,2ND_DEGREE_BAD_CLIENT
Elodie Leclerc,4,1895.1074999999998,224.00750000000002,-1.0,50.0,0,2ND_DEGREE_BAD_CLIENT
Thomas Brun,3,9065.89,2688.71,77.33333333333333,0.0,3,2ND_DEGREE_BAD_CLIENT
Manon Marchand,10,2920.5710000000004,360.834,101.2,30.0,2,2ND_DEGREE_BAD_CLIENT
Vincent Brun,6,3256.89,638.9766666666667,4.333333333333333,50.0,0,AVERAGE_CLIENT
Olivier Brun,6,1177.2966666666666,120.67666666666668,-2.5,83.33333333333334,0,GOOD_CLIENT
Adrien Petit,4,841.7625,26.4725,-0.75,75.0,0,GOOD_CLIENT
Marie Brun,5,9150.408,3720.8779999999997,152.6,0.0,3,1ST_DEGREE_BAD_CLIENT
Camille Dubois,4,3580.0275,403.57500000000005,265.5,25.0,1,1ST_DEGREE_BAD_CLIENT
Luc Guerin,11,11005.389090909091,9183.158181818182,178.36363636363637,0.0,9,2ND_DEGREE_BAD_CLIENT
Nicolas Guerin,16,11453.048750000002,8977.40375,117.1875,6.25,12,2ND_DEGREE_BAD_CLIENT
Aurelie Laurent,5,3833.4739999999997,804.3700000000001,15.8,20.0,0,AVERAGE_CLIENT
Julie Laurent,3,1249.96,51.166666666666664,-2.6666666666666665,100.0,0,EXCELLENT_CLIENT
Pierre Philippe,9,2091.534444444444,358.7611111111111,193.88888888888889,22.22222222222222,3,EXCELLENT_CLIENT
Amelie Dupont,5,2984.2340000000004,622.5,12.0,40.0,0,AVERAGE_CLIENT
Sebastien Renaud,4,5333.842500000001,1987.6675,50.25,25.0,3,AVERAGE_CLIENT
Aurelie Martin,9,11071.634444444444,6670.996666666667,165.33333333333334,0.0,6,2ND_DEGREE_BAD_CLIENT
Antoine Petit,2,2745.31,470.28999999999996,3.0,50.0,0,AVERAGE_CLIENT
Pierre Lefevre,2,7695.205,3438.035,43.0,0.0,1,1ST_DEGREE_BAD_CLIENT
Nathalie Garnier,6,1969.9416666666666,523.6,9.833333333333334,33.33333333333333,0,AVERAGE_CLIENT
Nicolas Lefevre,3,1436.0766666666666,0.0,0.3333333333333333,33.33333333333333,0,AVERAGE_CLIENT
Manon Michel,2,2994.0550000000003,292.22,35.0,0.0,1,AVERAGE_CLIENT
Louis Laurent,13,12128.196923076921,6858.75076923077,69.15384615384616,7.6923076923076925,9,2ND_DEGREE_BAD_CLIENT
Hugo Leclerc,5,1871.786,383.142,188.2,20.0,2,2ND_DEGREE_BAD_CLIENT
Adrien Martin,12,12472.960000000001,10429.544166666665,139.33333333333334,0.0,8,3RD_DEGREE_BAD_CLIENT
Hugo Laurent,3,3803.913333333334,560.41,2.3333333333333335,66.66666666666666,0,AVERAGE_CLIENT
Anne Philippe,8,14183.755000000001,8824.88375,50.875,12.5,5,2ND_DEGREE_BAD_CLIENT
Romain Michel,8,1600.39,124.88375,-1.625,75.0,0,2ND_DEGREE_BAD_CLIENT
Julie Martin,6,3346.7999999999997,614.93,6.833333333333333,33.33333333333333,0,AVERAGE_CLIENT
Aurelie David,9,2151.4211111111117,312.88222222222225,161.44444444444446,22.22222222222222,3,AVERAGE_CLIENT
Antoine Bernard,3,3008.4600000000005,489.82666666666665,-0.6666666666666666,66.66666666666666,0,AVERAGE_CLIENT
Manon Robin,3,2787.08,99.13666666666667,-0.6666666666666666,66.66666666666666,0,AVERAGE_CLIENT
Emma Perrot,5,12095.724,6336.276,50.8,0.0,3,1ST_DEGREE_BAD_CLIENT
Nathalie Chevalier,8,2353.6575000000003,420.58875,140.875,37.5,2,1ST_DEGREE_BAD_CLIENT
Amelie Marchand,9,3186.3777777777777,484.11666666666656,83.33333333333333,33.33333333333333,1,1ST_DEGREE_BAD_CLIENT
Laura Petit,9,13554.163333333332,8057.429999999999,73.0,11.11111111111111,8,2ND_DEGREE_BAD_CLIENT
Louis Muller,4,3588.8375,349.46000000000004,22.0,0.0,0,AVERAGE_CLIENT
Camille Marchand,6,9605.818333333335,3947.013333333334,205.5,0.0,4,1ST_DEGREE_BAD_CLIENT
Laura Garcia,4,1564.69,129.60750000000002,-0.5,75.0,0,1ST_DEGREE_BAD_CLIENT
Marc David,8,8994.26375,3823.125,96.75,12.5,4,2ND_DEGREE_BAD_CLIENT
Nathalie Gauthier,5,1941.1019999999996,179.592,-1.4,80.0,0,GOOD_CLIENT
Emma Michel,6,13415.263333333334,7807.751666666667,47.5,33.33333333333333,4,1ST_DEGREE_BAD_CLIENT
Sophie Bernard,5,1226.574,109.98799999999999,0.8,40.0,0,AVERAGE_CLIENT
Amelie Garnier,9,2701.453333333333,446.54777777777775,202.66666666666666,22.22222222222222,3,AVERAGE_CLIENT
Luc Martin,7,11934.568571428574,8179.925714285714,70.14285714285714,0.0,5,1ST_DEGREE_BAD_CLIENT
Damien Garnier,5,1476.4420000000002,44.12,-1.4,100.0,0,EXCELLENT_CLIENT
Hugo Robin,7,13119.742857142857,10226.204285714284,58.42857142857143,0.0,6,2ND_DEGREE_BAD_CLIENT
Claire Garnier,1,1153.16,0.0,1.0,0.0,0,AVERAGE_CLIENT
Marie Leclerc,10,13414.507000000001,8274.876999999999,52.5,0.0,8,2ND_DEGREE_BAD_CLIENT
Amelie Philippe,5,9814.323999999999,5556.584000000001,323.0,0.0,5,1ST_DEGREE_BAD_CLIENT
Antoine Dupont,7,1521.7071428571428,82.77714285714286,-1.7142857142857142,85.71428571428571,0,GOOD_CLIENT
Marion Garcia,3,9353.69,3721.203333333333,27.0,33.33333333333333,0,AVERAGE_CLIENT
Alexandre Gauthier,6,8385.503333333334,3769.721666666667,176.33333333333334,16.666666666666664,3,1ST_DEGREE_BAD_CLIENT
Pierre Gauthier,4,2436.3675,306.9275,219.75,50.0,1,1ST_DEGREE_BAD_CLIENT
Thomas David,3,2003.5033333333333,112.95666666666666,-2.3333333333333335,100.0,0,EXCELLENT_CLIENT
Amelie Garcia,12,14090.033333333333,12049.98666666667,136.66666666666666,0.0,10,3RD_DEGREE_BAD_CLIENT
Stephane Laurent,2,2289.21,376.915,12.0,50.0,0,AVERAGE_CLIENT
Anne Gerard,4,2186.0725,477.0975,184.0,25.0,1,AVERAGE_CLIENT
Sophie Moreau,4,1963.995,308.58000000000004,8.5,25.0,0,AVERAGE_CLIENT
Julie Perrot,6,2551.435,519.5500000000001,8.833333333333334,50.0,0,AVERAGE_CLIENT
Pierre Gerard,6,2245.19,269.34166666666664,18.0,0.0,0,AVERAGE_CLIENT
Aurelie Petit,6,3145.8849999999998,405.59833333333336,164.0,66.66666666666666,2,AVERAGE_CLIENT
Romain Leclerc,7,5408.770000000001,2232.405714285714,44.285714285714285,14.285714285714285,4,AVERAGE_CLIENT
Sophie Muller,9,9626.374444444444,7568.325555555555,58.22222222222222,0.0,6,2ND_DEGREE_BAD_CLIENT
Sarah David,12,11163.615833333335,7216.692500000001,74.58333333333333,0.0,7,2ND_DEGREE_BAD_CLIENT
Julie Bernard,9,2755.25,329.45222222222225,112.55555555555556,44.44444444444444,1,2ND_DEGREE_BAD_CLIENT
Baptiste Faure,13,10829.609230769229,9044.074615384616,77.84615384615384,0.0,10,2ND_DEGREE_BAD_CLIENT
Pierre Bernard,12,11598.399166666668,9174.441666666668,128.25,0.0,11,2ND_DEGREE_BAD_CLIENT
Celine Martin,4,1029.6725,134.0675,-1.75,75.0,0,2ND_DEGREE_BAD_CLIENT
Romain Chevalier,10,13215.612000000003,7234.481,128.7,0.0,8,2ND_DEGREE_BAD_CLIENT
Laura Faure,6,3105.3416666666667,292.7916666666667,28.166666666666668,33.33333333333333,1,2ND_DEGREE_BAD_CLIENT
Adrien Robin,11,12721.103636363638,7503.280909090909,203.54545454545453,0.0,9,2ND_DEGREE_BAD_CLIENT
Louis Dupont,5,7069.4360000000015,3089.6800000000003,39.6,20.0,3,2ND_DEGREE_BAD_CLIENT
Claire Dupont,5,2153.918,284.30199999999996,8.6,20.0,0,AVERAGE_CLIENT
Jerome Martin,7,7906.748571428571,2801.4814285714283,56.857142857142854,0.0,6,AVERAGE_CLIENT
Laura Leclerc,5,11311.716,7471.154,283.4,0.0,4,1ST_DEGREE_BAD_CLIENT
Romain Garcia,5,11895.124,7448.844,61.0,0.0,5,1ST_DEGREE_BAD_CLIENT
Olivier Robin,10,3270.27,472.575,112.9,20.0,1,1ST_DEGREE_BAD_CLIENT
Luc Leclerc,3,1558.9266666666665,0.0,-1.0,100.0,0,EXCELLENT_CLIENT
Baptiste Renaud,5,2755.848,521.6700000000001,0.4,20.0,0,AVERAGE_CLIENT
Sebastien Perrot,11,2495.6072727272726,342.2736363636364,10.181818181818182,27.27272727272727,0,AVERAGE_CLIENT
Pierre Masson,4,2379.9449999999997,233.7475,215.0,75.0,1,AVERAGE_CLIENT
Olivier Philippe,4,1442.9550000000002,157.6325,-1.75,75.0,0,AVERAGE_CLIENT
Elodie Faure,9,10113.337777777779,6020.264444444445,156.44444444444446,0.0,7,2ND_DEGREE_BAD_CLIENT
Damien Marchand,15,12171.981333333331,9406.654,114.2,0.0,12,2ND_DEGREE_BAD_CLIENT
Claire Masson,5,1749.172,118.75,-0.2,80.0,0,GOOD_CLIENT
Corinne Marchand,4,7960.204999999999,2679.5425,469.25,0.0,4,GOOD_CLIENT
Aurelie Garcia,11,11520.902727272727,9533.525454545454,287.45454545454544,0.0,9,2ND_DEGREE_BAD_CLIENT
Vincent Garcia,4,3658.75,761.0225,11.75,25.0,0,AVERAGE_CLIENT
Thomas Martin,5,8034.7660000000005,3834.546,53.6,0.0,4,1ST_DEGREE_BAD_CLIENT
Nathalie Renaud,9,10854.675555555556,6324.795555555556,49.666666666666664,11.11111111111111,6,2ND_DEGREE_BAD_CLIENT
Thomas Garcia,10,7934.8,3073.233,204.2,10.0,8,2ND_DEGREE_BAD_CLIENT
Thomas Dubois,7,9019.221428571429,4242.987142857142,119.42857142857143,14.285714285714285,4,1ST_DEGREE_BAD_CLIENT
Adrien Blanc,11,11309.215454545454,7641.066363636363,100.63636363636364,0.0,7,2ND_DEGREE_BAD_CLIENT
Laura Perrin,6,2172.715,273.7416666666666,67.0,66.66666666666666,1,2ND_DEGREE_BAD_CLIENT
Sophie Brun,3,3156.9900000000002,34.916666666666664,7.666666666666667,66.66666666666666,0,AVERAGE_CLIENT
Claire Gerard,17,12716.732352941177,10226.733529411766,146.2941176470588,0.0,12,3RD_DEGREE_BAD_CLIENT
Antoine Michel,3,12580.86,7056.186666666667,56.0,0.0,2,1ST_DEGREE_BAD_CLIENT
Manon Muller,6,11837.916666666666,7057.784999999999,57.5,0.0,5,1ST_DEGREE_BAD_CLIENT
Romain Bernard,10,12132.502,6395.596,63.6,0.0,7,2ND_DEGREE_BAD_CLIENT
Jean Martin,4,2741.78,263.77,3.25,50.0,0,AVERAGE_CLIENT
Louis Bernard,4,2395.1025,318.32,10.5,50.0,0,AVERAGE_CLIENT
Jerome Bernard,10,12030.364,7294.522,139.4,10.0,8,2ND_DEGREE_BAD_CLIENT
Hugo Philippe,5,2689.0860000000002,248.38600000000002,201.6,0.0,3,2ND_DEGREE_BAD_CLIENT
Hugo Petit,9,8199.453333333333,3266.63,187.33333333333334,0.0,7,2ND_DEGREE_BAD_CLIENT
Marie Muller,5,2141.776,364.398,-0.8,60.0,0,2ND_DEGREE_BAD_CLIENT
Nathalie Moreau,4,8250.82,4691.9675,54.0,0.0,3,1ST_DEGREE_BAD_CLIENT
Paul Faure,11,11430.171818181818,6895.647272727274,96.0,0.0,9,2ND_DEGREE_BAD_CLIENT
Sebastien Brun,3,2437.16,43.586666666666666,-0.3333333333333333,33.33333333333333,0,2ND_DEGREE_BAD_CLIENT
Valerie Bernard,5,2992.6079999999997,400.728,17.6,40.0,1,2ND_DEGREE_BAD_CLIENT
Anne Leclerc,2,1877.5349999999999,350.335,-3.0,100.0,0,EXCELLENT_CLIENT
Amelie Gerard,5,3213.01,538.034,16.0,40.0,0,AVERAGE_CLIENT
Nicolas Muller,11,12609.407272727274,8028.744545454547,161.27272727272728,0.0,10,2ND_DEGREE_BAD_CLIENT
Julie Gauthier,7,7467.378571428572,2684.6028571428574,104.28571428571429,0.0,7,2ND_DEGREE_BAD_CLIENT
Corinne Michel,5,4005.976,776.126,8.0,20.0,0,AVERAGE_CLIENT
Marie Morin,2,3800.38,765.19,0.0,50.0,0,AVERAGE_CLIENT
Romain Perrin,11,10783.03181818182,8098.097272727272,138.0909090909091,0.0,9,2ND_DEGREE_BAD_CLIENT
Baptiste Chevalier,7,3304.3914285714295,589.3485714285715,15.0,42.857142857142854,0,AVERAGE_CLIENT
Antoine Rousseau,14,12185.679285714285,9384.44,219.0,0.0,12,2ND_DEGREE_BAD_CLIENT
Valerie Faure,5,7335.518000000001,2451.5199999999995,59.6,0.0,3,2ND_DEGREE_BAD_CLIENT
Corinne Moreau,7,2197.7942857142857,329.67142857142863,147.28571428571428,28.57142857142857,2,2ND_DEGREE_BAD_CLIENT
Damien Blanc,2,1326.4850000000001,62.835,-2.0,100.0,0,EXCELLENT_CLIENT
Jean Morin,7,12966.425714285715,7743.757142857145,71.28571428571429,0.0,7,1ST_DEGREE_BAD_CLIENT
Sarah Blanc,13,11676.280769230769,9228.19,280.3076923076923,0.0,12,2ND_DEGREE_BAD_CLIENT
Alexandre Lefevre,5,2215.682,392.48999999999995,141.0,40.0,2,2ND_DEGREE_BAD_CLIENT
Luc Gerard,3,1915.95,0.0,-2.3333333333333335,100.0,0,EXCELLENT_CLIENT
Vincent Bernard,4,10816.695,4906.532499999999,106.75,0.0,2,1ST_DEGREE_BAD_CLIENT
Helene Rousseau,6,1760.1949999999997,17.67833333333333,-2.1666666666666665,83.33333333333334,0,GOOD_CLIENT
Antoine Chevalier,5,2503.158,417.412,27.0,20.0,1,GOOD_CLIENT
Celine Muller,6,2804.465,397.76833333333326,5.0,50.0,0,AVERAGE_CLIENT
Marie Gerard,10,10748.273,8686.072,210.4,0.0,9,2ND_DEGREE_BAD_CLIENT
Thomas Bernard,12,13296.735,10102.864166666666,147.75,0.0,10,3RD_DEGREE_BAD_CLIENT
Antoine Guerin,8,9164.1725,3507.08,149.5,12.5,4,2ND_DEGREE_BAD_CLIENT
Stephane Renaud,11,12000.575454545453,9706.163636363637,172.54545454545453,0.0,10,3RD_DEGREE_BAD_CLIENT
Stephane Leclerc,5,7523.37,2977.2599999999998,294.8,0.0,4,3RD_DEGREE_BAD_CLIENT
Jerome Garnier,15,11704.384666666669,9911.316666666668,147.4,6.666666666666667,13,3RD_DEGREE_BAD_CLIENT
Anne Chevalier,6,8600.743333333334,3841.468333333333,140.16666666666666,33.33333333333333,2,1ST_DEGREE_BAD_CLIENT
Laura Blanc,5,1036.904,43.916,-1.4,80.0,0,GOOD_CLIENT
Louis Lefevre,9,10803.42111111111,5767.9766666666665,75.77777777777777,11.11111111111111,5,2ND_DEGREE_BAD_CLIENT
Sebastien Blanc,4,1330.72,192.2075,-2.25,75.0,0,2ND_DEGREE_BAD_CLIENT
Louis Robin,4,2822.2675,514.26,63.5,50.0,1,2ND_DEGREE_BAD_CLIENT
Luc Moreau,1,731.23,0.0,-5.0,100.0,0,EXCELLENT_CLIENT
Jerome Brun,6,3240.625,521.6033333333334,142.83333333333334,16.666666666666664,3,EXCELLENT_CLIENT
Nicolas Perrin,15,13313.307333333332,10417.44,72.46666666666667,6.666666666666667,11,3RD_DEGREE_BAD_CLIENT
Sophie Perrin,6,1645.7783333333334,66.82833333333333,-1.8333333333333333,83.33333333333334,0,GOOD_CLIENT
Amelie Masson,15,12082.329333333333,10015.231333333333,255.53333333333333,0.0,13,3RD_DEGREE_BAD_CLIENT
Luc Masson,1,145.85,0.8,-5.0,100.0,0,EXCELLENT_CLIENT
Marion Rousseau,1,2942.5,313.01,21.0,0.0,0,AVERAGE_CLIENT
Elodie Chevalier,11,2702.130909090909,283.48636363636365,145.36363636363637,36.36363636363637,2,AVERAGE_CLIENT
Romain Rousseau,4,2298.1775,110.11000000000001,246.25,25.0,1,AVERAGE_CLIENT
Marie Renaud,4,2320.5775000000003,105.745,-1.5,75.0,0,AVERAGE_CLIENT
Corinne Brun,4,1172.31,31.3925,1.75,50.0,0,AVERAGE_CLIENT
Claire Bernard,5,1673.184,46.956,-3.4,100.0,0,EXCELLENT_CLIENT
Adrien Marchand,2,1752.2999999999997,145.66,-1.5,100.0,0,EXCELLENT_CLIENT
Pierre Morin,8,3156.1099999999997,401.89750000000004,154.875,25.0,2,EXCELLENT_CLIENT
Damien Laurent,4,8646.65,3994.9849999999997,52.0,0.0,2,1ST_DEGREE_BAD_CLIENT
Elodie Martin,8,9808.73125,5622.9025,301.75,0.0,6,2ND_DEGREE_BAD_CLIENT
Hugo Gerard,8,7666.383749999999,2934.5387499999997,68.0,0.0,5,2ND_DEGREE_BAD_CLIENT
Aurelie Bernard,5,1093.526,46.708000000000006,5.6,40.0,0,AVERAGE_CLIENT
Nicolas Robin,8,11643.98375,6822.9037499999995,114.875,0.0,5,2ND_DEGREE_BAD_CLIENT
Romain Brun,3,1375.0033333333333,14.466666666666667,-3.0,100.0,0,EXCELLENT_CLIENT
Julie Renaud,4,3744.1425,542.5525,270.5,50.0,2,EXCELLENT_CLIENT
Valerie Renaud,3,3403.1066666666666,782.1133333333333,5.0,33.33333333333333,0,AVERAGE_CLIENT
Jean Philippe,5,10188.796,4385.482,188.4,0.0,3,1ST_DEGREE_BAD_CLIENT
Claire Renaud,5,3147.3059999999996,361.51599999999996,194.2,40.0,2,1ST_DEGREE_BAD_CLIENT
Louis Marchand,4,5274.4475,2189.1775000000002,93.25,50.0,1,1ST_DEGREE_BAD_CLIENT
Paul Moreau,7,9913.752857142856,8209.525714285714,352.85714285714283,0.0,7,1ST_DEGREE_BAD_CLIENT
Elodie Rousseau,3,2362.6733333333336,432.92333333333335,-1.0,66.66666666666666,0,1ST_DEGREE_BAD_CLIENT
Damien Garcia,11,12123.100909090908,7328.177272727273,57.45454545454545,0.0,7,2ND_DEGREE_BAD_CLIENT
Julie Muller,4,4560.3525,754.7925,15.5,25.0,0,AVERAGE_CLIENT
Anne Garnier,7,6006.791428571429,2591.288571428571,163.57142857142858,0.0,5,AVERAGE_CLIENT
Paul Robin,5,3278.6760000000004,414.078,8.2,20.0,0,AVERAGE_CLIENT
Jean Dubois,3,3057.9133333333334,674.78,67.0,0.0,1,AVERAGE_CLIENT
Marion Dupont,6,12258.953333333333,7208.8533333333335,47.333333333333336,0.0,2,1ST_DEGREE_BAD_CLIENT
Marc Garcia,4,1866.7424999999998,156.7725,26.75,0.0,1,1ST_DEGREE_BAD_CLIENT
Alexandre Moreau,2,767.76,16.995,-2.0,50.0,0,1ST_DEGREE_BAD_CLIENT
Luc Bernard,4,2709.6324999999997,217.94000000000003,89.0,25.0,1,1ST_DEGREE_BAD_CLIENT
Damien Philippe,5,2831.8,160.53400000000002,193.6,40.0,1,1ST_DEGREE_BAD_CLIENT
Adrien Moreau,9,11441.213333333333,6878.403333333333,133.88888888888889,11.11111111111111,6,2ND_DEGREE_BAD_CLIENT
Sophie Dupont,9,7847.813333333333,3319.3244444444445,99.88888888888889,11.11111111111111,5,2ND_DEGREE_BAD_CLIENT
Jerome Gauthier,2,2897.085,478.405,10.5,50.0,0,AVERAGE_CLIENT
Sarah Masson,4,8450.7325,3590.0525,57.25,0.0,3,1ST_DEGREE_BAD_CLIENT
Manon Dupont,6,7145.94,2943.5183333333334,54.833333333333336,0.0,4,1ST_DEGREE_BAD_CLIENT
Sophie Guerin,1,1970.39,0.0,-2.0,100.0,0,EXCELLENT_CLIENT
Olivier Masson,3,7016.96,2625.39,105.0,0.0,1,EXCELLENT_CLIENT
Hugo Muller,3,1566.11,95.86,-2.3333333333333335,100.0,0,EXCELLENT_CLIENT
Laura Chevalier,6,12859.13,7437.150000000001,145.0,0.0,6,1ST_DEGREE_BAD_CLIENT
Valerie Muller,5,12433.655999999999,7564.731999999999,64.8,0.0,4,1ST_DEGREE_BAD_CLIENT
Stephane Perrin,3,11569.650000000001,7306.579999999999,23.0,33.33333333333333,0,AVERAGE_CLIENT
Thomas Robin,6,3534.1499999999996,430.11999999999995,78.33333333333333,33.33333333333333,1,AVERAGE_CLIENT
Stephane Moreau,1,2466.37,0.0,-3.0,100.0,0,EXCELLENT_CLIENT
Thomas Muller,6,3679.4833333333336,551.505,31.5,16.666666666666664,1,EXCELLENT_CLIENT
Sophie Marchand,4,2443.125,383.6875,6.0,50.0,0,AVERAGE_CLIENT
Nicolas Marchand,4,3470.5775000000003,644.5525,155.0,50.0,1,AVERAGE_CLIENT
Jean Lefevre,12,13237.389166666666,8322.560833333335,101.16666666666667,8.333333333333332,6,2ND_DEGREE_BAD_CLIENT
Damien Petit,2,1218.46,50.42,-4.5,100.0,0,EXCELLENT_CLIENT
Thomas Renaud,7,1783.01,243.49428571428572,115.85714285714286,14.285714285714285,1,EXCELLENT_CLIENT
Alexandre Faure,2,1678.3600000000001,0.0,-1.0,100.0,0,EXCELLENT_CLIENT
Nathalie Brun,6,14846.603333333333,9430.568333333333,52.666666666666664,0.0,4,1ST_DEGREE_BAD_CLIENT
Elodie Guerin,11,11149.062727272727,8658.454545454546,62.72727272727273,0.0,7,2ND_DEGREE_BAD_CLIENT
Paul David,6,8418.031666666666,4269.641666666667,203.66666666666666,16.666666666666664,3,1ST_DEGREE_BAD_CLIENT
Marc Guerin,12,11033.105833333333,9160.625833333334,242.75,0.0,11,2ND_DEGREE_BAD_CLIENT
Stephane Dupont,1,6632.15,2928.7,47.0,0.0,1,2ND_DEGREE_BAD_CLIENT
Camille Moreau,4,1110.205,48.6225,-3.25,100.0,0,EXCELLENT_CLIENT
Thomas Chevalier,11,10729.001818181818,8781.684545454546,58.90909090909091,0.0,8,2ND_DEGREE_BAD_CLIENT
Laura Gauthier,3,2766.9,429.8233333333333,79.33333333333333,0.0,2,2ND_DEGREE_BAD_CLIENT
Marie Perrot,12,11168.0225,6431.1691666666675,203.16666666666666,0.0,10,2ND_DEGREE_BAD_CLIENT
Marion Philippe,2,4525.175,733.3100000000001,289.5,0.0,1,2ND_DEGREE_BAD_CLIENT
Laura Moreau,3,2853.1666666666665,193.54,18.0,0.0,0,AVERAGE_CLIENT
Jean Garnier,5,7134.062,2056.68,37.4,20.0,2,AVERAGE_CLIENT
Anne David,3,1430.18,85.78666666666668,-0.6666666666666666,66.66666666666666,0,AVERAGE_CLIENT
Stephane Masson,10,7182.194,2839.4919999999997,147.3,0.0,10,AVERAGE_CLIENT
Luc Muller,16,11042.497500000001,8747.415,149.125,0.0,13,2ND_DEGREE_BAD_CLIENT
Anne Michel,4,4088.0675,395.645,4.25,50.0,0,AVERAGE_CLIENT
Jerome Faure,10,11440.912,6983.094,133.6,0.0,9,2ND_DEGREE_BAD_CLIENT
Julie Philippe,2,3641.985,487.505,14.5,50.0,0,AVERAGE_CLIENT
Alexandre Renaud,6,10879.238333333333,6258.021666666667,36.5,33.33333333333333,3,1ST_DEGREE_BAD_CLIENT
Louis Masson,2,1777.6100000000001,134.475,-5.0,100.0,0,EXCELLENT_CLIENT
Jean Guerin,4,2962.075,508.3325,2.25,50.0,0,AVERAGE_CLIENT
Anne Morin,5,1270.892,55.84400000000001,1.0,20.0,0,AVERAGE_CLIENT
Marie Michel,7,11456.395714285713,7410.578571428572,409.14285714285717,0.0,6,1ST_DEGREE_BAD_CLIENT
Sebastien Marchand,11,12352.389090909091,6973.706363636363,237.8181818181818,9.090909090909092,7,2ND_DEGREE_BAD_CLIENT
Damien Perrin,13,12340.400769230768,9668.898461538458,139.46153846153845,0.0,12,3RD_DEGREE_BAD_CLIENT
Nathalie Petit,3,4134.186666666667,508.1266666666666,1.0,33.33333333333333,0,AVERAGE_CLIENT
Antoine Morin,7,2857.084285714285,167.29571428571427,14.142857142857142,14.285714285714285,0,AVERAGE_CLIENT
Adrien Bernard,4,3550.7425,674.5024999999999,143.5,25.0,2,AVERAGE_CLIENT
Marion Dubois,7,11180.327142857142,7047.96,71.71428571428571,0.0,7,1ST_DEGREE_BAD_CLIENT
Nathalie Masson,2,1439.8000000000002,0.0,-1.5,50.0,0,1ST_DEGREE_BAD_CLIENT
Helene Gauthier,12,6798.534166666667,2813.5550000000003,160.25,8.333333333333332,7,1ST_DEGREE_BAD_CLIENT
Luc Gauthier,17,12082.866470588237,9632.945294117648,193.23529411764707,0.0,14,2ND_DEGREE_BAD_CLIENT
Baptiste Blanc,6,2949.51,415.4766666666667,150.83333333333334,16.666666666666664,1,2ND_DEGREE_BAD_CLIENT
Celine Guerin,5,7350.5199999999995,3214.612,207.2,20.0,2,2ND_DEGREE_BAD_CLIENT
Celine Masson,14,11302.032857142858,9529.504285714285,83.0,0.0,12,2ND_DEGREE_BAD_CLIENT
Hugo Lefevre,8,10389.69375,8482.765,265.125,0.0,8,2ND_DEGREE_BAD_CLIENT
Louis Martin,7,3315.652857142857,490.5514285714286,38.57142857142857,14.285714285714285,1,2ND_DEGREE_BAD_CLIENT
Corinne Blanc,9,13828.755555555555,11971.152222222221,278.6666666666667,0.0,8,3RD_DEGREE_BAD_CLIENT
Adrien Dubois,6,3616.148333333333,747.4949999999999,158.83333333333334,33.33333333333333,1,3RD_DEGREE_BAD_CLIENT
Sebastien Morin,3,3647.1800000000003,290.59,337.3333333333333,33.33333333333333,1,3RD_DEGREE_BAD_CLIENT
Olivier Blanc,1,3610.7,1532.24,831.0,0.0,1,3RD_DEGREE_BAD_CLIENT
Alexandre Marchand,6,2726.6983333333333,462.54,125.5,50.0,1,3RD_DEGREE_BAD_CLIENT
Claire Chevalier,12,11228.716666666667,8899.895833333334,200.25,0.0,10,2ND_DEGREE_BAD_CLIENT
Hugo Blanc,1,1475.69,114.36,1.0,0.0,0,AVERAGE_CLIENT
Manon Laurent,4,2806.4599999999996,603.4425,152.25,0.0,1,AVERAGE_CLIENT
Camille Garnier,9,12707.443333333335,7597.634444444444,99.88888888888889,0.0,6,2ND_DEGREE_BAD_CLIENT
Louis Garnier,6,10380.286666666667,6648.018333333333,203.83333333333334,0.0,6,1ST_DEGREE_BAD_CLIENT
Alexandre David,12,12334.5075,7483.131666666667,87.83333333333333,0.0,7,2ND_DEGREE_BAD_CLIENT
Marion Michel,3,1064.5866666666668,46.589999999999996,-1.6666666666666667,66.66666666666666,0,2ND_DEGREE_BAD_CLIENT
Alexandre Gerard,1,1381.97,0.0,-4.0,100.0,0,EXCELLENT_CLIENT
Valerie Brun,6,2618.8766666666666,340.4533333333333,80.16666666666667,33.33333333333333,1,EXCELLENT_CLIENT
Anne Robin,6,2669.2566666666667,439.7683333333334,62.333333333333336,66.66666666666666,1,EXCELLENT_CLIENT
Corinne Bernard,3,1692.7033333333331,125.66666666666667,0.3333333333333333,66.66666666666666,0,AVERAGE_CLIENT
Adrien Garnier,3,10200.056666666667,4574.953333333334,328.3333333333333,0.0,3,1ST_DEGREE_BAD_CLIENT
Celine Leclerc,6,1825.6366666666665,217.245,-0.5,50.0,0,1ST_DEGREE_BAD_CLIENT
Helene Perrin,13,10818.461538461539,6609.6046153846155,124.07692307692308,0.0,8,2ND_DEGREE_BAD_CLIENT
Claire Lefevre,8,11518.39375,6152.83,247.0,0.0,7,2ND_DEGREE_BAD_CLIENT
Paul Garnier,4,1328.6625,270.72249999999997,-0.5,75.0,0,2ND_DEGREE_BAD_CLIENT
Laura Marchand,5,3588.7439999999997,325.33799999999997,5.6,40.0,0,AVERAGE_CLIENT
Camille Petit,4,1528.5524999999998,193.08999999999997,-1.75,75.0,0,AVERAGE_CLIENT
Manon Petit,5,991.6,70.67999999999999,-1.4,60.0,0,AVERAGE_CLIENT
Claire Blanc,7,9458.138571428572,3348.405714285715,44.42857142857143,14.285714285714285,5,1ST_DEGREE_BAD_CLIENT
Vincent Renaud,5,1521.5720000000001,125.072,-1.4,80.0,0,GOOD_CLIENT
Thomas Faure,7,7513.935714285713,3787.8300000000004,38.714285714285715,14.285714285714285,3,1ST_DEGREE_BAD_CLIENT
Baptiste Bernard,6,4372.755,589.4499999999999,2.5,50.0,0,AVERAGE_CLIENT
Corinne Perrot,1,2334.39,0.0,2.0,0.0,0,AVERAGE_CLIENT
Marion Garnier,3,2641.1200000000003,121.79333333333334,151.0,33.33333333333333,2,AVERAGE_CLIENT
Celine Garnier,1,472.93,8.5,1.0,0.0,0,AVERAGE_CLIENT
Helene Leclerc,3,2894.6333333333337,308.98333333333335,16.666666666666668,0.0,0,AVERAGE_CLIENT
Marc Leclerc,3,1452.1033333333335,373.6433333333334,10.666666666666666,33.33333333333333,0,AVERAGE_CLIENT
Isabelle Masson,10,8389.657000000001,3102.204,115.8,0.0,5,AVERAGE_CLIENT
Isabelle Gauthier,7,12873.74,7421.144285714286,172.0,0.0,5,1ST_DEGREE_BAD_CLIENT
Vincent Philippe,2,568.645,6.245,0.0,50.0,0,1ST_DEGREE_BAD_CLIENT
Adrien Faure,5,2430.868,488.84400000000005,265.0,60.0,2,1ST_DEGREE_BAD_CLIENT
Anne Laurent,9,7452.915555555554,3530.25,145.0,11.11111111111111,7,2ND_DEGREE_BAD_CLIENT
Antoine Renaud,4,12391.0625,7466.845,49.0,0.0,2,1ST_DEGREE_BAD_CLIENT
Marc Petit,7,7620.215714285713,2815.3657142857146,158.14285714285714,0.0,4,1ST_DEGREE_BAD_CLIENT
Luc Renaud,6,2339.308333333334,393.6766666666667,261.0,33.33333333333333,2,1ST_DEGREE_BAD_CLIENT
Jean Dupont,2,2625.155,983.165,50.5,0.0,2,1ST_DEGREE_BAD_CLIENT
Elodie Robin,2,9611.355,4474.685,37.0,50.0,1,1ST_DEGREE_BAD_CLIENT
Louis Gauthier,9,9908.044444444442,5416.813333333334,73.0,0.0,6,2ND_DEGREE_BAD_CLIENT
Isabelle David,5,3551.326,756.942,11.2,40.0,0,AVERAGE_CLIENT
Thomas Leclerc,11,11492.702727272728,9627.06909090909,128.27272727272728,0.0,9,2ND_DEGREE_BAD_CLIENT
Manon Blanc,5,3223.1479999999997,384.442,32.4,20.0,1,2ND_DEGREE_BAD_CLIENT
Corinne Rousseau,3,10271.119999999999,3829.9933333333333,57.666666666666664,0.0,2,1ST_DEGREE_BAD_CLIENT
Nicolas Rousseau,4,2844.7725,377.52,216.75,0.0,1,1ST_DEGREE_BAD_CLIENT
Baptiste Leclerc,6,2335.7066666666665,210.915,6.0,50.0,0,AVERAGE_CLIENT
Manon Guerin,9,10884.082222222223,8343.9,193.66666666666666,0.0,8,2ND_DEGREE_BAD_CLIENT
Celine Philippe,6,2422.26,293.06,105.5,33.33333333333333,1,2ND_DEGREE_BAD_CLIENT
Antoine David,8,5477.9475,2147.795,49.5,0.0,5,2ND_DEGREE_BAD_CLIENT
Antoine Muller,10,3668.9139999999998,697.715,8.7,50.0,0,AVERAGE_CLIENT
Hugo Martin,9,2594.9799999999996,485.66555555555556,20.77777777777778,55.55555555555556,1,AVERAGE_CLIENT
Baptiste Lefevre,1,662.92,35.08,0.0,100.0,0,EXCELLENT_CLIENT
Antoine Martin,9,2959.226666666667,749.1255555555556,5.111111111111111,44.44444444444444,0,AVERAGE_CLIENT
Amelie Brun,15,12200.213999999998,9751.565333333332,148.06666666666666,0.0,13,3RD_DEGREE_BAD_CLIENT
Sebastien Dupont,2,1222.06,35.92,-2.0,100.0,0,EXCELLENT_CLIENT
Jerome Renaud,11,11898.99,9286.353636363636,213.72727272727272,0.0,6,2ND_DEGREE_BAD_CLIENT
Amelie Bernard,9,3136.226666666667,672.1111111111111,123.33333333333333,55.55555555555556,1,2ND_DEGREE_BAD_CLIENT
Adrien Guerin,1,5690.01,1538.51,-1.0,100.0,0,EXCELLENT_CLIENT
Baptiste Michel,5,6720.1179999999995,2530.2500000000005,222.0,0.0,3,EXCELLENT_CLIENT
Corinne Renaud,5,4027.7119999999995,262.638,174.8,0.0,1,EXCELLENT_CLIENT
Adrien Perrot,7,1630.455714285714,132.43714285714287,0.5714285714285714,85.71428571428571,0,GOOD_CLIENT
Vincent Gerard,5,7396.996000000001,3300.832,296.2,0.0,4,1ST_DEGREE_BAD_CLIENT
Manon Lefevre,3,2777.103333333333,550.7566666666667,28.666666666666668,33.33333333333333,1,1ST_DEGREE_BAD_CLIENT
Luc Morin,5,2511.6780000000003,298.808,0.2,40.0,0,AVERAGE_CLIENT
Marc Chevalier,6,1804.4383333333333,303.49499999999995,4.666666666666667,50.0,0,AVERAGE_CLIENT
Amelie Guerin,3,2183.1800000000003,417.77666666666664,129.66666666666666,0.0,1,AVERAGE_CLIENT
Stephane Garnier,6,3529.795,328.715,274.3333333333333,0.0,2,AVERAGE_CLIENT
Celine Gauthier,4,3400.8199999999997,845.8199999999999,8.75,50.0,0,AVERAGE_CLIENT
Olivier Moreau,11,12588.752727272727,7808.842727272728,59.09090909090909,0.0,9,2ND_DEGREE_BAD_CLIENT
Hugo Perrot,10,10798.928,6305.678,76.4,0.0,7,2ND_DEGREE_BAD_CLIENT
Emma Dubois,4,3028.38,396.48999999999995,6.25,75.0,0,AVERAGE_CLIENT
Sebastien Martin,2,2016.79,237.87,22.0,0.0,0,AVERAGE_CLIENT
Jean Bernard,2,2859.33,709.8050000000001,17.0,50.0,0,AVERAGE_CLIENT
Celine Michel,8,10501.89,6495.05,114.375,0.0,6,2ND_DEGREE_BAD_CLIENT
Vincent Petit,4,5129.925,1631.675,38.75,25.0,2,2ND_DEGREE_BAD_CLIENT
Sophie Robin,7,2806.837142857142,356.1471428571428,153.14285714285714,14.285714285714285,2,2ND_DEGREE_BAD_CLIENT
Marie Bernard,1,3240.4,229.04,33.0,0.0,0,AVERAGE_CLIENT
Emma Renaud,12,12248.157500000001,7059.026666666668,87.66666666666667,0.0,9,2ND_DEGREE_BAD_CLIENT
Sophie Petit,3,1923.3666666666668,247.24666666666667,0.6666666666666666,33.33333333333333,0,AVERAGE_CLIENT
Nathalie Michel,5,3057.44,614.28,5.2,20.0,0,AVERAGE_CLIENT
Hugo Garnier,7,13125.484285714283,8413.34142857143,158.85714285714286,0.0,4,1ST_DEGREE_BAD_CLIENT
Julie Leclerc,5,2156.154,248.77200000000002,-1.2,100.0,0,EXCELLENT_CLIENT
Hugo Dubois,10,14181.613000000001,7716.375,62.5,0.0,6,2ND_DEGREE_BAD_CLIENT
Isabelle Brun,9,13334.113333333333,11610.965555555556,154.11111111111111,0.0,8,3RD_DEGREE_BAD_CLIENT
Romain Gauthier,5,13845.844000000001,8046.6500000000015,58.4,0.0,3,1ST_DEGREE_BAD_CLIENT
Luc Garnier,12,12580.187500000002,8467.793333333333,59.25,0.0,10,2ND_DEGREE_BAD_CLIENT
Vincent Leclerc,2,2259.365,365.855,10.5,0.0,0,AVERAGE_CLIENT
Olivier Renaud,3,1463.7333333333336,42.35,-1.3333333333333333,66.66666666666666,0,AVERAGE_CLIENT
Marie Masson,3,9351.056666666665,5922.91,341.6666666666667,0.0,3,1ST_DEGREE_BAD_CLIENT
Romain Guerin,4,3936.8100000000004,307.4525,13.75,25.0,0,AVERAGE_CLIENT
Jean Perrin,7,3345.5299999999997,421.24857142857144,11.0,14.285714285714285,0,AVERAGE_CLIENT
Claire Laurent,1,1105.99,0.0,-1.0,100.0,0,EXCELLENT_CLIENT
Sebastien Petit,4,1267.78,140.48,-0.5,75.0,0,EXCELLENT_CLIENT
Helene Bernard,2,2509.11,806.0400000000001,8.5,50.0,0,AVERAGE_CLIENT
Vincent Perrot,1,839.51,18.09,1.0,0.0,0,AVERAGE_CLIENT
Camille Gerard,8,3273.7037499999997,621.12125,16.875,25.0,1,AVERAGE_CLIENT
Olivier David,4,2995.35,179.13,10.75,50.0,1,AVERAGE_CLIENT
Marion Perrin,6,3162.5733333333333,653.1183333333335,114.83333333333333,0.0,1,AVERAGE_CLIENT
Antoine Masson,2,3287.665,535.4300000000001,15.0,0.0,0,AVERAGE_CLIENT
Thomas Gauthier,4,1875.2749999999999,182.14499999999998,0.0,25.0,0,AVERAGE_CLIENT
Helene Laurent,3,2298.983333333333,604.15,280.6666666666667,33.33333333333333,1,AVERAGE_CLIENT
Isabelle Petit,4,3759.0675,1244.0725,30.75,25.0,0,AVERAGE_CLIENT
Sophie Lefevre,3,4806.676666666666,1661.61,22.0,66.66666666666666,1,AVERAGE_CLIENT
Elodie Gerard,4,2090.8875,43.275,-0.5,75.0,0,AVERAGE_CLIENT
Aurelie Garnier,4,751.865,14.7025,-0.75,75.0,0,AVERAGE_CLIENT
Amelie Blanc,7,6928.421428571429,2507.131428571429,130.57142857142858,14.285714285714285,4,AVERAGE_CLIENT
Paul Perrot,6,2684.685,414.2,5.0,50.0,0,AVERAGE_CLIENT
Paul Muller,6,3231.2816666666663,341.00666666666666,96.66666666666667,16.666666666666664,2,AVERAGE_CLIENT
Pierre Dupont,4,8191.812500000001,5455.282499999999,54.75,0.0,3,1ST_DEGREE_BAD_CLIENT
Corinne Chevalier,6,2506.7733333333335,455.8883333333334,93.83333333333333,66.66666666666666,1,1ST_DEGREE_BAD_CLIENT
Julie Perrin,4,2744.2924999999996,301.2475,39.0,25.0,1,1ST_DEGREE_BAD_CLIENT
Aurelie Guerin,6,7680.753333333333,3561.6433333333334,91.0,16.666666666666664,5,1ST_DEGREE_BAD_CLIENT
Sarah Gauthier,5,1695.696,59.622,-1.6,80.0,0,GOOD_CLIENT
Hugo Brun,1,2061.58,0.0,-5.0,100.0,0,EXCELLENT_CLIENT
Anne Renaud,7,6618.748571428571,2332.034285714286,252.28571428571428,0.0,4,EXCELLENT_CLIENT
Alexandre Blanc,2,799.635,135.025,-3.0,100.0,0,EXCELLENT_CLIENT
Pierre Martin,4,1417.8574999999998,144.2625,-1.0,75.0,0,EXCELLENT_CLIENT
Baptiste Dubois,2,1179.7350000000001,201.405,-4.5,100.0,0,EXCELLENT_CLIENT
Romain Gerard,4,1616.9874999999997,119.5425,-3.5,100.0,0,EXCELLENT_CLIENT
Sarah Guerin,5,7207.748,2615.68,259.6,0.0,3,EXCELLENT_CLIENT
Claire Michel,3,1536.1000000000001,0.0,-1.3333333333333333,66.66666666666666,0,EXCELLENT_CLIENT
Anne Dupont,2,2870.575,543.485,-1.5,50.0,0,EXCELLENT_CLIENT
Sarah Renaud,4,3371.0699999999997,397.72749999999996,177.75,25.0,2,EXCELLENT_CLIENT
Jerome Moreau,3,3505.85,392.55333333333334,7.666666666666667,0.0,0,AVERAGE_CLIENT
Adrien Rousseau,8,13835.96375,8241.565,55.25,0.0,7,2ND_DEGREE_BAD_CLIENT
Julie Rousseau,4,3330.3549999999996,508.90999999999997,10.5,25.0,0,AVERAGE_CLIENT
Marie Martin,4,2776.8225,566.7950000000001,11.75,50.0,0,AVERAGE_CLIENT
Sarah Marchand,1,149.32,0.0,1.0,0.0,0,AVERAGE_CLIENT
Jean Chevalier,6,9445.018333333332,3684.903333333333,165.0,16.666666666666664,4,1ST_DEGREE_BAD_CLIENT
Louis Renaud,6,5984.411666666666,1950.001666666667,57.833333333333336,0.0,6,1ST_DEGREE_BAD_CLIENT
Adrien Michel,11,12840.087272727273,8317.050909090907,128.9090909090909,18.181818181818183,8,2ND_DEGREE_BAD_CLIENT
Marc Gerard,2,11726.689999999999,5696.0650000000005,38.5,0.0,1,1ST_DEGREE_BAD_CLIENT
Sarah Brun,2,3291.05,616.45,-2.0,50.0,0,1ST_DEGREE_BAD_CLIENT
Antoine Philippe,1,2457.73,671.11,27.0,0.0,0,AVERAGE_CLIENT
Laura David,4,3492.4349999999995,771.72,7.0,50.0,0,AVERAGE_CLIENT
Emma Faure,2,2086.805,144.32,-1.0,50.0,0,AVERAGE_CLIENT
Laura Laurent,4,2306.585,427.46500000000003,120.0,50.0,1,AVERAGE_CLIENT
Romain Garnier,10,10844.024,5960.201999999999,177.6,0.0,7,2ND_DEGREE_BAD_CLIENT
Vincent Lefevre,2,1392.495,0.0,-0.5,50.0,0,2ND_DEGREE_BAD_CLIENT
Corinne Gerard,9,5976.565555555556,2521.505555555555,75.22222222222223,0.0,4,2ND_DEGREE_BAD_CLIENT
Thomas Petit,6,9182.623333333335,3929.7500000000005,106.16666666666667,16.666666666666664,3,1ST_DEGREE_BAD_CLIENT
Nathalie Philippe,2,10290.55,5306.21,30.0,0.0,1,1ST_DEGREE_BAD_CLIENT
Luc Robin,4,1365.51,48.809999999999995,-4.0,100.0,0,EXCELLENT_CLIENT
Jean Michel,3,3756.366666666667,916.8733333333333,362.0,0.0,2,EXCELLENT_CLIENT
Damien David,4,1625.8125,0.0,-2.0,75.0,0,EXCELLENT_CLIENT
Isabelle Muller,12,11931.515833333333,7219.0325,104.83333333333333,0.0,8,2ND_DEGREE_BAD_CLIENT
Valerie Laurent,1,1893.37,0.0,28.0,0.0,0,AVERAGE_CLIENT
Laura Rousseau,3,2185.45,125.22333333333334,-1.6666666666666667,66.66666666666666,0,AVERAGE_CLIENT
Romain Perrot,5,1557.2999999999997,53.138,2.2,40.0,0,AVERAGE_CLIENT
Vincent Blanc,9,11879.086666666668,7017.582222222222,130.88888888888889,11.11111111111111,8,2ND_DEGREE_BAD_CLIENT
Corinne Laurent,7,3650.5614285714287,568.1071428571429,12.571428571428571,42.857142857142854,0,AVERAGE_CLIENT
Elodie Muller,3,6500.47,2049.213333333333,246.33333333333334,0.0,2,AVERAGE_CLIENT
Adrien Perrin,6,1519.2683333333334,26.38166666666667,0.3333333333333333,33.33333333333333,0,AVERAGE_CLIENT
Laura Martin,11,13695.012727272728,8418.960000000001,48.81818181818182,9.090909090909092,8,2ND_DEGREE_BAD_CLIENT
Aurelie Marchand,5,3030.79,427.134,8.0,40.0,0,AVERAGE_CLIENT
Amelie Renaud,5,3810.614,222.93199999999996,138.8,20.0,1,AVERAGE_CLIENT
Sebastien Dubois,9,13341.825555555555,7980.326666666667,213.22222222222223,0.0,7,2ND_DEGREE_BAD_CLIENT
Sarah Gerard,5,12424.752000000002,7473.7300000000005,50.4,0.0,3,1ST_DEGREE_BAD_CLIENT
Olivier Marchand,5,3590.9839999999995,444.948,17.0,20.0,0,AVERAGE_CLIENT
Antoine Robin,3,14225.156666666668,7846.593333333333,59.666666666666664,0.0,3,1ST_DEGREE_BAD_CLIENT
Thomas Moreau,10,11293.814,9468.190999999999,270.0,0.0,8,2ND_DEGREE_BAD_CLIENT
Jean Laurent,5,2377.228,415.94399999999996,15.4,40.0,0,AVERAGE_CLIENT
Alexandre Masson,1,3291.35,0.0,-1.0,100.0,0,EXCELLENT_CLIENT
Amelie Petit,6,3166.008333333333,639.0166666666665,45.833333333333336,50.0,1,EXCELLENT_CLIENT
Claire Perrin,4,11873.13,10475.785,68.5,0.0,4,2ND_DEGREE_BAD_CLIENT
Thomas Blanc,4,1216.6699999999998,146.74249999999998,-1.75,75.0,0,2ND_DEGREE_BAD_CLIENT
Louis Philippe,3,1536.7,143.02333333333334,307.6666666666667,66.66666666666666,1,2ND_DEGREE_BAD_CLIENT
Camille Gauthier,5,4222.557999999999,459.86800000000005,119.0,20.0,1,2ND_DEGREE_BAD_CLIENT
Sarah Laurent,4,3312.7925000000005,336.25,4.5,75.0,0,AVERAGE_CLIENT
Olivier Gauthier,2,1360.0900000000001,0.0,-0.5,50.0,0,AVERAGE_CLIENT
Celine Chevalier,3,1473.8166666666666,107.91666666666667,0.0,66.66666666666666,0,AVERAGE_CLIENT
Camille Brun,8,11177.1375,9330.186249999999,306.125,0.0,8,2ND_DEGREE_BAD_CLIENT
Laura Brun,5,7675.476,2679.2879999999996,99.6,20.0,3,2ND_DEGREE_BAD_CLIENT
Vincent David,5,3817.936,624.9219999999999,196.8,20.0,1,2ND_DEGREE_BAD_CLIENT
Baptiste Guerin,3,3676.7466666666664,743.0033333333332,180.66666666666666,0.0,2,2ND_DEGREE_BAD_CLIENT
Jean Masson,5,1626.592,37.756,137.6,20.0,1,2ND_DEGREE_BAD_CLIENT
Jean Perrot,9,9505.834444444445,3727.6555555555556,42.333333333333336,11.11111111111111,3,2ND_DEGREE_BAD_CLIENT
Sophie Renaud,4,10852.6,6797.605,86.5,0.0,2,1ST_DEGREE_BAD_CLIENT
Olivier Muller,1,279.87,0.0,-1.0,100.0,0,EXCELLENT_CLIENT
Claire Gauthier,3,1792.0666666666668,161.03,-1.0,66.66666666666666,0,EXCELLENT_CLIENT
Valerie Leclerc,8,9298.64875,5743.046249999999,88.0,0.0,6,2ND_DEGREE_BAD_CLIENT
Claire Guerin,2,3534.455,379.265,211.0,50.0,1,2ND_DEGREE_BAD_CLIENT
Thomas Dupont,14,11265.922142857142,6709.4571428571435,53.285714285714285,0.0,10,2ND_DEGREE_BAD_CLIENT
Nicolas Renaud,3,2183.846666666667,213.00666666666666,0.0,66.66666666666666,0,2ND_DEGREE_BAD_CLIENT
Anne Moreau,9,3668.1366666666663,513.5333333333333,75.66666666666667,22.22222222222222,2,2ND_DEGREE_BAD_CLIENT
Celine Perrin,4,1882.2224999999999,394.0025,10.5,0.0,0,AVERAGE_CLIENT
Alexandre Garnier,3,2610.46,82.62666666666667,-0.3333333333333333,66.66666666666666,0,AVERAGE_CLIENT
Aurelie Perrin,5,3776.918,964.048,235.0,20.0,2,AVERAGE_CLIENT
Camille Robin,10,8396.393,3297.1409999999996,44.7,0.0,5,2ND_DEGREE_BAD_CLIENT
Julie Robin,2,1243.875,162.62,-1.5,50.0,0,2ND_DEGREE_BAD_CLIENT
Romain Martin,5,3023.7740000000003,446.658,6.8,40.0,0,AVERAGE_CLIENT
Alexandre Guerin,6,5954.573333333334,2723.725,99.66666666666667,0.0,5,AVERAGE_CLIENT
Elodie Masson,6,13521.048333333334,8534.298333333334,180.5,0.0,4,1ST_DEGREE_BAD_CLIENT
Corinne Petit,5,1962.4119999999998,180.18199999999996,-0.6,40.0,0,1ST_DEGREE_BAD_CLIENT
Emma David,17,10394.621176470588,8413.412352941177,96.52941176470588,0.0,15,2ND_DEGREE_BAD_CLIENT
Isabelle Garnier,7,9643.630000000001,6189.755714285714,203.28571428571428,0.0,6,1ST_DEGREE_BAD_CLIENT
Olivier Chevalier,7,2155.6414285714286,323.89142857142855,45.57142857142857,28.57142857142857,1,1ST_DEGREE_BAD_CLIENT
Elodie Morin,4,7519.52,3053.8224999999998,258.75,0.0,2,1ST_DEGREE_BAD_CLIENT
Valerie Garnier,7,9400.464285714286,4224.217142857143,48.0,14.285714285714285,5,1ST_DEGREE_BAD_CLIENT
Sebastien Guerin,4,7938.412499999999,2870.4275,51.25,0.0,3,1ST_DEGREE_BAD_CLIENT
Sophie Gauthier,8,14121.26375,9351.12125,161.5,0.0,7,2ND_DEGREE_BAD_CLIENT
Nicolas Dubois,5,1592.14,121.51999999999998,-0.8,60.0,0,2ND_DEGREE_BAD_CLIENT
Jerome Garcia,3,1377.0733333333335,121.20333333333333,1.3333333333333333,66.66666666666666,0,AVERAGE_CLIENT
Claire Dubois,3,8298.83,3178.14,51.0,0.0,2,AVERAGE_CLIENT
Paul Gauthier,10,10427.387,8346.19,55.0,0.0,7,2ND_DEGREE_BAD_CLIENT
Jerome Chevalier,8,6947.19,3082.315,187.125,12.5,4,2ND_DEGREE_BAD_CLIENT
Marion Gauthier,3,4858.536666666667,661.3233333333334,-3.3333333333333335,66.66666666666666,0,2ND_DEGREE_BAD_CLIENT
Baptiste Gerard,7,3416.408571428572,407.5828571428571,12.0,42.857142857142854,0,AVERAGE_CLIENT
Manon Brun,8,4045.2225000000003,524.09,151.375,25.0,2,AVERAGE_CLIENT
Stephane Faure,4,8305.235,3347.6525,241.5,25.0,1,1ST_DEGREE_BAD_CLIENT
Louis Perrot,3,3639.64,318.81666666666666,347.3333333333333,0.0,1,1ST_DEGREE_BAD_CLIENT
Sarah Martin,4,11974.095,6749.922500000001,168.75,0.0,4,1ST_DEGREE_BAD_CLIENT
Damien Chevalier,4,4444.0825,970.6800000000001,33.5,0.0,1,1ST_DEGREE_BAD_CLIENT
Anne Lefevre,13,11308.05846153846,8947.716153846153,95.46153846153847,0.0,8,2ND_DEGREE_BAD_CLIENT
Sophie Martin,1,7773.09,3101.28,35.0,0.0,0,AVERAGE_CLIENT
Stephane Petit,11,9660.471818181819,5277.437272727273,220.0,0.0,9,2ND_DEGREE_BAD_CLIENT
Amelie Robin,4,3016.5074999999997,518.4325,9.0,25.0,0,AVERAGE_CLIENT
Olivier Laurent,7,14169.32142857143,8912.398571428572,48.857142857142854,0.0,4,1ST_DEGREE_BAD_CLIENT
Claire David,8,11947.026249999999,7424.572499999999,96.5,12.5,5,2ND_DEGREE_BAD_CLIENT
Helene Michel,3,1710.33,287.83666666666664,35.0,0.0,1,2ND_DEGREE_BAD_CLIENT
Valerie Gerard,3,4127.62,631.7566666666668,7.666666666666667,66.66666666666666,0,AVERAGE_CLIENT
Camille Laurent,4,3417.0625,596.42,12.75,25.0,0,AVERAGE_CLIENT
Baptiste Dupont,3,4501.12,777.3166666666666,32.0,0.0,0,AVERAGE_CLIENT
Anne Blanc,2,1928.0,77.205,1.5,0.0,0,AVERAGE_CLIENT
Sarah Perrot,3,3711.653333333333,537.1833333333333,8.0,33.33333333333333,0,AVERAGE_CLIENT
Romain Philippe,7,3231.101428571429,423.9485714285715,9.142857142857142,28.57142857142857,0,AVERAGE_CLIENT
Corinne Faure,4,1426.845,42.040000000000006,1.25,75.0,0,AVERAGE_CLIENT
Pierre Faure,1,4119.26,665.99,-5.0,100.0,0,EXCELLENT_CLIENT
Celine Robin,4,1608.085,70.0875,-3.75,100.0,0,EXCELLENT_CLIENT
Nathalie Dubois,4,2469.955,483.755,17.5,0.0,0,AVERAGE_CLIENT
Nathalie Gerard,4,1473.0325000000003,196.785,114.5,50.0,1,AVERAGE_CLIENT
Corinne Robin,6,2514.345,470.1166666666666,120.0,33.33333333333333,1,AVERAGE_CLIENT
Jerome Perrot,8,10760.61625,6313.88875,192.25,0.0,8,2ND_DEGREE_BAD_CLIENT
Olivier Leclerc,2,1497.8449999999998,255.01500000000001,-1.5,50.0,0,2ND_DEGREE_BAD_CLIENT
Celine Renaud,3,3090.876666666667,358.47333333333336,9.333333333333334,66.66666666666666,0,AVERAGE_CLIENT
Nathalie Lefevre,4,3802.8875000000003,573.0024999999999,317.25,0.0,3,AVERAGE_CLIENT
Adrien Chevalier,1,7285.49,1904.15,52.0,0.0,1,AVERAGE_CLIENT
Laura Masson,4,2745.6675,501.44249999999994,-1.5,100.0,0,EXCELLENT_CLIENT
Aurelie Chevalier,7,12086.41,9471.83857142857,195.71428571428572,0.0,7,1ST_DEGREE_BAD_CLIENT
Laura Philippe,5,10184.278,4115.312,300.2,0.0,3,1ST_DEGREE_BAD_CLIENT
Corinne Perrin,8,10566.26375,6484.7,47.75,0.0,4,2ND_DEGREE_BAD_CLIENT
Aurelie Michel,1,4015.5,1047.58,30.0,0.0,0,AVERAGE_CLIENT
Anne Masson,5,12936.497999999998,7675.4619999999995,196.4,0.0,5,1ST_DEGREE_BAD_CLIENT
Nathalie Martin,7,13228.548571428573,9158.245714285715,124.14285714285714,0.0,6,1ST_DEGREE_BAD_CLIENT
Marion Renaud,5,8142.582,3381.482000000001,208.4,20.0,2,1ST_DEGREE_BAD_CLIENT
Marc Bernard,2,1371.56,153.605,226.5,50.0,1,1ST_DEGREE_BAD_CLIENT
Julie Dubois,4,3782.4325,857.2625,12.5,25.0,0,AVERAGE_CLIENT
Amelie Laurent,7,6920.877142857143,2999.0642857142852,182.85714285714286,0.0,4,AVERAGE_CLIENT
Camille Garcia,8,1560.0225,75.82374999999999,-4.0,100.0,0,EXCELLENT_CLIENT
Hugo Guerin,2,5930.63,2725.885,356.5,0.0,2,EXCELLENT_CLIENT
Sophie Garcia,4,1220.6075,128.01999999999998,-1.75,50.0,0,EXCELLENT_CLIENT
Damien Martin,7,11694.130000000001,6171.195714285714,47.57142857142857,14.285714285714285,5,1ST_DEGREE_BAD_CLIENT
Jerome Dubois,7,3373.2842857142855,370.50428571428574,186.28571428571428,14.285714285714285,4,1ST_DEGREE_BAD_CLIENT
Paul Chevalier,4,1352.055,72.32,-2.0,100.0,0,EXCELLENT_CLIENT
Aurelie Gauthier,4,5448.467499999999,1874.8875,56.25,0.0,4,EXCELLENT_CLIENT
Damien Robin,6,13343.013333333334,9332.593333333332,249.83333333333334,16.666666666666664,3,1ST_DEGREE_BAD_CLIENT
Laura Garnier,5,1694.282,57.686,-0.6,60.0,0,1ST_DEGREE_BAD_CLIENT
Camille Rousseau,7,8403.039999999999,3862.621428571428,172.28571428571428,14.285714285714285,2,1ST_DEGREE_BAD_CLIENT
Sarah Bernard,5,3837.3560000000007,684.1120000000001,212.2,20.0,3,1ST_DEGREE_BAD_CLIENT
Marc Masson,3,7875.369999999999,3280.0,28.333333333333332,33.33333333333333,1,1ST_DEGREE_BAD_CLIENT
Romain Muller,5,2588.1820000000002,415.2,11.2,20.0,0,AVERAGE_CLIENT
Marie Chevalier,11,9947.506363636363,5552.078181818182,62.54545454545455,9.090909090909092,6,2ND_DEGREE_BAD_CLIENT
Manon Garnier,4,12082.814999999999,11025.325,127.75,0.0,3,2ND_DEGREE_BAD_CLIENT
Elodie David,4,3822.65,674.4275,182.0,25.0,1,2ND_DEGREE_BAD_CLIENT
Helene Masson,2,1620.47,45.73,-1.0,100.0,0,EXCELLENT_CLIENT
Celine Brun,4,7691.8425,2998.775,59.75,0.0,3,EXCELLENT_CLIENT
Paul Morin,5,12456.026,7246.168,175.8,0.0,4,1ST_DEGREE_BAD_CLIENT
Manon Perrot,3,4862.94,435.9066666666667,23.0,0.0,1,1ST_DEGREE_BAD_CLIENT
Manon Bernard,7,15058.044285714286,12200.50142857143,94.85714285714286,0.0,5,2ND_DEGREE_BAD_CLIENT
Romain Faure,3,4951.016666666666,815.54,11.666666666666666,33.33333333333333,0,AVERAGE_CLIENT
Paul Gerard,6,2254.915,401.74166666666673,105.16666666666667,16.666666666666664,1,AVERAGE_CLIENT
Antoine Faure,2,913.21,297.46000000000004,12.0,0.0,0,AVERAGE_CLIENT
Marc Michel,1,1212.68,36.64,1.0,0.0,0,AVERAGE_CLIENT
Isabelle Leclerc,8,8653.93,3335.36625,49.75,0.0,6,2ND_DEGREE_BAD_CLIENT
Alexandre Dupont,3,3128.623333333333,572.41,6.0,33.33333333333333,0,AVERAGE_CLIENT
Alexandre Martin,2,3337.4399999999996,342.445,10.5,0.0,0,AVERAGE_CLIENT
Aurelie Renaud,4,5551.88,2187.6850000000004,247.25,0.0,2,AVERAGE_CLIENT
Hugo David,5,8134.722,2843.552,47.0,0.0,3,AVERAGE_CLIENT
Olivier Rousseau,5,1473.2599999999998,161.94,-1.4,60.0,0,AVERAGE_CLIENT
Jerome Guerin,9,8956.304444444446,3783.493333333333,96.22222222222223,11.11111111111111,6,2ND_DEGREE_BAD_CLIENT
Marion Marchand,8,14022.54875,9005.1975,138.75,0.0,6,2ND_DEGREE_BAD_CLIENT
Marion David,2,2728.98,207.335,-2.0,50.0,0,2ND_DEGREE_BAD_CLIENT
Amelie Muller,2,6879.285,1365.0500000000002,54.5,0.0,1,2ND_DEGREE_BAD_CLIENT
Damien Dupont,3,3938.1666666666665,530.3133333333334,10.0,33.33333333333333,0,AVERAGE_CLIENT
Emma Petit,3,1546.8866666666665,301.48333333333335,-1.3333333333333333,66.66666666666666,0,AVERAGE_CLIENT
Stephane Lefevre,3,1976.243333333333,80.83,-3.0,100.0,0,EXCELLENT_CLIENT
Antoine Blanc,4,3150.3675000000003,393.4375,226.0,25.0,1,EXCELLENT_CLIENT
Sophie Faure,6,1306.095,211.98166666666668,193.0,16.666666666666664,1,EXCELLENT_CLIENT
Alexandre Perrin,4,2643.4300000000003,284.93000000000006,15.25,25.0,0,AVERAGE_CLIENT
Vincent Laurent,3,10608.99,3344.9733333333334,143.66666666666666,0.0,2,1ST_DEGREE_BAD_CLIENT
Marion Faure,7,7112.251428571428,2605.4928571428572,157.28571428571428,0.0,6,1ST_DEGREE_BAD_CLIENT
Vincent Masson,3,4880.873333333333,774.2266666666666,3.6666666666666665,33.33333333333333,0,AVERAGE_CLIENT
Julie Morin,4,2803.12,216.735,1.0,25.0,0,AVERAGE_CLIENT
Paul Petit,3,10034.683333333334,4985.076666666667,88.0,0.0,3,1ST_DEGREE_BAD_CLIENT
Alexandre Perrot,7,3160.022857142857,509.6242857142857,56.714285714285715,42.857142857142854,1,1ST_DEGREE_BAD_CLIENT
Valerie Dupont,8,11451.380000000001,9407.7425,162.5,0.0,6,2ND_DEGREE_BAD_CLIENT
Marion Gerard,3,2526.3633333333332,356.4566666666667,-0.3333333333333333,66.66666666666666,0,2ND_DEGREE_BAD_CLIENT
Nathalie Guerin,7,11776.49,7112.2357142857145,53.57142857142857,14.285714285714285,5,1ST_DEGREE_BAD_CLIENT
Alexandre Laurent,2,828.9950000000001,0.0,1.0,50.0,0,AVERAGE_CLIENT
Hugo Morin,6,3174.76,473.02833333333325,157.5,33.33333333333333,1,AVERAGE_CLIENT
Marie Lefevre,4,1843.48,196.19750000000002,-1.5,75.0,0,AVERAGE_CLIENT
Hugo Gauthier,3,2153.9266666666667,301.6066666666666,98.66666666666667,33.33333333333333,1,AVERAGE_CLIENT
Sarah Lefevre,2,2945.085,234.46,-1.5,100.0,0,EXCELLENT_CLIENT
Elodie Blanc,8,12261.668749999999,9913.345,160.125,0.0,8,3RD_DEGREE_BAD_CLIENT
Baptiste Garcia,7,7140.897142857143,3408.8542857142857,55.57142857142857,0.0,6,1ST_DEGREE_BAD_CLIENT
Manon Perrin,6,9925.965,4183.073333333333,41.0,16.666666666666664,3,1ST_DEGREE_BAD_CLIENT
Amelie Lefevre,5,3650.136,370.024,-0.8,80.0,0,GOOD_CLIENT
Pierre Muller,5,7959.911999999999,2811.7760000000003,49.6,0.0,2,GOOD_CLIENT
Aurelie Faure,5,2807.676,434.012,272.0,60.0,2,GOOD_CLIENT
Valerie Michel,8,6653.2837500000005,2901.8812500000004,47.375,0.0,5,GOOD_CLIENT
Jean Marchand,1,2823.17,599.04,-5.0,100.0,0,EXCELLENT_CLIENT
Amelie Rousseau,1,1565.65,0.0,-4.0,100.0,0,EXCELLENT_CLIENT
Aurelie Perrot,2,1721.4299999999998,211.845,-0.5,100.0,0,EXCELLENT_CLIENT
Baptiste Perrin,10,12535.782,7339.842,87.0,0.0,7,2ND_DEGREE_BAD_CLIENT
Antoine Lefevre,3,7270.073333333334,2129.35,64.0,0.0,3,2ND_DEGREE_BAD_CLIENT
Sarah Dubois,4,3488.1725,738.1975000000001,8.5,50.0,0,AVERAGE_CLIENT
Elodie Lefevre,10,13575.269,7742.732999999998,108.2,10.0,7,2ND_DEGREE_BAD_CLIENT
Anne Bernard,1,1587.87,0.0,-5.0,100.0,0,EXCELLENT_CLIENT
Camille Martin,3,1765.8633333333335,249.24333333333334,17.666666666666668,0.0,0,AVERAGE_CLIENT
Celine Marchand,10,12393.502,7174.014,89.7,0.0,7,2ND_DEGREE_BAD_CLIENT
Elodie Dubois,4,6086.102500000001,1766.975,61.0,0.0,3,2ND_DEGREE_BAD_CLIENT
Isabelle Garcia,3,3361.783333333333,571.31,348.3333333333333,33.33333333333333,1,2ND_DEGREE_BAD_CLIENT
Isabelle Lefevre,4,2557.36,441.2925,21.25,25.0,0,AVERAGE_CLIENT
Valerie Masson,6,983.7200000000001,163.27,-3.0,100.0,0,EXCELLENT_CLIENT
Nicolas Garnier,3,1961.86,282.7133333333333,0.3333333333333333,66.66666666666666,0,AVERAGE_CLIENT
Sarah Moreau,4,6101.6825,3218.54,62.25,0.0,4,AVERAGE_CLIENT
Helene Lefevre,4,1634.7475,317.8,5.75,50.0,0,AVERAGE_CLIENT
Jerome Michel,6,2687.348333333334,288.9316666666667,92.66666666666667,16.666666666666664,1,AVERAGE_CLIENT
Valerie Dubois,4,2040.49,150.09,1.5,50.0,0,AVERAGE_CLIENT
Nathalie Faure,3,1966.4233333333334,69.3,1.0,33.33333333333333,0,AVERAGE_CLIENT
Louis Chevalier,2,1701.18,4.665,0.0,50.0,0,AVERAGE_CLIENT
Paul Dupont,1,1683.06,0.0,-1.0,100.0,0,EXCELLENT_CLIENT
Nathalie Laurent,2,1347.485,0.0,-4.0,100.0,0,EXCELLENT_CLIENT
Sebastien Rousseau,3,1685.4099999999999,249.67333333333337,15.0,0.0,0,AVERAGE_CLIENT
Marc Philippe,9,2995.598888888889,553.6888888888889,5.444444444444445,44.44444444444444,0,AVERAGE_CLIENT
Manon Renaud,1,2093.31,0.0,-1.0,100.0,0,EXCELLENT_CLIENT
Nicolas Bernard,1,1823.25,0.0,-2.0,100.0,0,EXCELLENT_CLIENT
Laura Gerard,4,7241.61,2890.7075,191.5,25.0,3,EXCELLENT_CLIENT
Baptiste Moreau,5,4056.192,698.8539999999999,220.4,0.0,1,EXCELLENT_CLIENT
Isabelle Morin,3,1796.323333333333,125.32,-2.6666666666666665,100.0,0,EXCELLENT_CLIENT
Thomas Marchand,3,4088.06,554.7433333333333,230.0,33.33333333333333,1,EXCELLENT_CLIENT
Damien Moreau,1,3210.54,338.41,-2.0,100.0,0,EXCELLENT_CLIENT
Nathalie Blanc,2,4445.275,1024.3249999999998,303.0,0.0,1,EXCELLENT_CLIENT
Jean Brun,6,10932.63,5046.255,40.0,0.0,2,1ST_DEGREE_BAD_CLIENT
Luc Lefevre,7,10978.952857142855,6069.251428571428,58.57142857142857,0.0,5,1ST_DEGREE_BAD_CLIENT
Celine Bernard,3,4608.82,1829.12,55.666666666666664,0.0,3,1ST_DEGREE_BAD_CLIENT
Alexandre Brun,6,3163.9599999999996,511.7133333333333,6.166666666666667,66.66666666666666,0,AVERAGE_CLIENT
Antoine Gerard,2,2857.165,646.08,516.0,50.0,1,AVERAGE_CLIENT
Adrien Renaud,3,1601.7433333333336,34.03,-2.6666666666666665,100.0,0,EXCELLENT_CLIENT
Emma Dupont,2,7973.805,4673.13,402.5,0.0,2,1ST_DEGREE_BAD_CLIENT
Emma Blanc,2,1910.135,267.81,-0.5,50.0,0,1ST_DEGREE_BAD_CLIENT
Camille Bernard,6,1205.79,71.79333333333334,-0.6666666666666666,50.0,0,1ST_DEGREE_BAD_CLIENT
Emma Morin,1,4010.99,1234.76,-5.0,100.0,0,EXCELLENT_CLIENT
Alexandre Bernard,3,1580.2133333333331,11.853333333333333,-2.3333333333333335,100.0,0,EXCELLENT_CLIENT
Adrien Dupont,6,2352.3783333333336,233.9766666666667,169.66666666666666,16.666666666666664,1,EXCELLENT_CLIENT
Nathalie Perrin,2,2149.21,38.59,-2.5,100.0,0,EXCELLENT_CLIENT
Adrien Muller,3,7856.373333333334,3312.1233333333334,177.66666666666666,33.33333333333333,2,1ST_DEGREE_BAD_CLIENT
Camille Michel,4,2495.37,324.345,99.5,25.0,2,1ST_DEGREE_BAD_CLIENT
Olivier Morin,2,2423.54,60.895,-1.5,50.0,0,1ST_DEGREE_BAD_CLIENT
Adrien Brun,2,4036.7599999999998,1128.65,2.5,50.0,0,AVERAGE_CLIENT
Hugo Masson,4,6153.0199999999995,3581.1575000000003,486.75,0.0,4,1ST_DEGREE_BAD_CLIENT
Nicolas Gerard,7,11029.174285714285,6259.435714285713,182.42857142857142,0.0,5,1ST_DEGREE_BAD_CLIENT
Pierre Renaud,3,1778.2733333333333,74.99666666666667,-0.6666666666666666,66.66666666666666,0,1ST_DEGREE_BAD_CLIENT
Sophie Morin,4,3549.475,687.9675,9.5,50.0,0,AVERAGE_CLIENT
Claire Muller,3,2173.596666666667,167.25666666666666,356.0,0.0,1,AVERAGE_CLIENT
Marc Robin,3,3543.5699999999997,496.25666666666666,18.0,0.0,0,AVERAGE_CLIENT
Paul Philippe,2,3466.625,0.0,266.0,0.0,1,AVERAGE_CLIENT
Thomas Philippe,3,4043.1100000000006,621.5733333333334,8.333333333333334,33.33333333333333,0,AVERAGE_CLIENT
Sebastien Leclerc,2,1776.645,0.0,-1.5,50.0,0,AVERAGE_CLIENT
Isabelle Michel,7,11898.621428571429,6742.687142857142,52.142857142857146,0.0,5,1ST_DEGREE_BAD_CLIENT
Celine Rousseau,2,740.93,58.78,6.0,50.0,0,AVERAGE_CLIENT
Valerie Robin,7,9717.861428571428,3396.718571428571,141.42857142857142,14.285714285714285,4,1ST_DEGREE_BAD_CLIENT
Romain Masson,4,3132.385,531.71,20.0,0.0,0,AVERAGE_CLIENT
Isabelle Perrot,3,3583.2000000000003,838.7666666666668,9.0,66.66666666666666,0,AVERAGE_CLIENT
Vincent Muller,1,1110.11,0.0,-3.0,100.0,0,EXCELLENT_CLIENT
Jean David,1,1406.86,0.0,-3.0,100.0,0,EXCELLENT_CLIENT
Camille Chevalier,5,3652.6160000000004,803.966,13.4,20.0,0,AVERAGE_CLIENT
Damien Faure,4,1974.585,148.575,0.5,50.0,0,AVERAGE_CLIENT
Laura Michel,2,1218.775,159.31,-0.5,50.0,0,AVERAGE_CLIENT
Julie Garcia,3,1607.46,289.18333333333334,1.3333333333333333,33.33333333333333,0,AVERAGE_CLIENT
Adrien Leclerc,3,1719.41,50.63333333333333,1.3333333333333333,33.33333333333333,0,AVERAGE_CLIENT
Paul Laurent,4,2368.8925,139.1125,6.5,0.0,0,AVERAGE_CLIENT
Camille Perrin,7,9114.964285714286,4533.28,56.42857142857143,0.0,4,1ST_DEGREE_BAD_CLIENT
Laura Guerin,3,2965.6766666666663,562.2433333333333,1.3333333333333333,66.66666666666666,0,AVERAGE_CLIENT
Manon David,4,3916.665,820.1075,5.75,50.0,0,AVERAGE_CLIENT
Paul Perrin,4,3090.755,666.155,14.75,25.0,0,AVERAGE_CLIENT
Luc Petit,4,4357.38,809.635,9.25,0.0,0,AVERAGE_CLIENT
Vincent Marchand,3,1441.2333333333336,27.613333333333333,-1.3333333333333333,100.0,0,EXCELLENT_CLIENT
Stephane Perrot,3,1214.7266666666667,15.193333333333333,9.333333333333334,33.33333333333333,0,AVERAGE_CLIENT
Camille Renaud,1,5076.46,487.29,1.0,0.0,0,AVERAGE_CLIENT
Louis Gerard,8,2849.92375,606.4575,59.75,75.0,2,AVERAGE_CLIENT
Antoine Perrin,3,1274.0533333333333,163.96,-0.3333333333333333,33.33333333333333,0,AVERAGE_CLIENT
Alexandre Philippe,1,20.0,5.41,31.0,0.0,0,AVERAGE_CLIENT
Damien Gerard,2,3048.675,93.29,-1.5,100.0,0,EXCELLENT_CLIENT
Paul Renaud,1,1721.55,0.0,24.0,0.0,0,AVERAGE_CLIENT
Marie Garcia,2,1255.87,49.84,-1.5,100.0,0,EXCELLENT_CLIENT
Pierre Petit,4,7989.0,3628.9575,266.75,0.0,2,1ST_DEGREE_BAD_CLIENT
Marie Garnier,6,2560.5866666666666,555.095,212.33333333333334,33.33333333333333,2,1ST_DEGREE_BAD_CLIENT
Romain Lefevre,1,2870.17,0.0,-1.0,100.0,0,EXCELLENT_CLIENT
Luc Brun,1,138.23,0.51,2.0,0.0,0,AVERAGE_CLIENT
Aurelie Morin,4,2541.6749999999997,212.3625,27.0,25.0,0,AVERAGE_CLIENT
Nicolas Morin,3,2195.3366666666666,598.2933333333334,8.0,66.66666666666666,0,AVERAGE_CLIENT
Louis Petit,3,2356.8633333333332,588.2466666666667,346.3333333333333,0.0,1,AVERAGE_CLIENT
Corinne Muller,2,634.375,67.78999999999999,-3.5,100.0,0,EXCELLENT_CLIENT
Luc Perrot,3,1133.3500000000001,76.63666666666667,-4.333333333333333,100.0,0,EXCELLENT_CLIENT
Pierre Michel,2,1943.725,165.86999999999998,-5.0,100.0,0,EXCELLENT_CLIENT
Isabelle Guerin,4,7782.9,3142.0325,328.75,50.0,2,EXCELLENT_CLIENT
Paul Guerin,2,3007.3149999999996,490.27500000000003,11.0,0.0,0,AVERAGE_CLIENT
Celine Moreau,3,8072.723333333334,3343.1666666666665,67.66666666666667,0.0,2,1ST_DEGREE_BAD_CLIENT
Helene Gerard,3,2050.7000000000003,201.64333333333332,-0.3333333333333333,33.33333333333333,0,1ST_DEGREE_BAD_CLIENT
Isabelle Bernard,5,11977.112,7156.960000000001,59.4,0.0,5,1ST_DEGREE_BAD_CLIENT
Jerome Lefevre,3,1546.4366666666665,220.47333333333336,-1.3333333333333333,66.66666666666666,0,1ST_DEGREE_BAD_CLIENT
Alexandre Dubois,6,1094.1233333333332,35.76,-1.1666666666666667,50.0,0,1ST_DEGREE_BAD_CLIENT
Corinne David,5,2766.204,356.88,17.2,0.0,0,AVERAGE_CLIENT
Jerome Gerard,1,2292.79,0.0,-2.0,100.0,0,EXCELLENT_CLIENT
Valerie Moreau,7,9831.094285714285,3765.64,116.71428571428571,14.285714285714285,4,1ST_DEGREE_BAD_CLIENT
Sophie Rousseau,2,324.38,62.595000000000006,-3.5,100.0,0,EXCELLENT_CLIENT
Damien Brun,2,1171.47,135.44,1.0,50.0,0,AVERAGE_CLIENT
Anne Brun,6,1029.8300000000002,79.355,-0.6666666666666666,33.33333333333333,0,AVERAGE_CLIENT
Helene Guerin,2,1331.6550000000002,40.7,1.5,0.0,0,AVERAGE_CLIENT
Thomas Gerard,1,11153.29,5376.73,44.0,0.0,0,AVERAGE_CLIENT
Celine Dupont,4,5815.9225,2187.595,49.0,0.0,2,AVERAGE_CLIENT
Adrien Lefevre,2,2999.735,1091.125,27.5,0.0,0,AVERAGE_CLIENT
Luc Rousseau,3,1603.7666666666667,9.123333333333333,0.3333333333333333,66.66666666666666,0,AVERAGE_CLIENT
Jean Garcia,3,1160.9866666666667,128.1233333333333,-0.6666666666666666,100.0,0,EXCELLENT_CLIENT
Julie Guerin,2,3887.6949999999997,807.335,10.5,50.0,0,AVERAGE_CLIENT
Claire Marchand,3,1643.4266666666665,95.00666666666666,-0.6666666666666666,33.33333333333333,0,AVERAGE_CLIENT
Sebastien Philippe,5,7216.67,2741.06,61.6,0.0,4,AVERAGE_CLIENT
Romain Dupont,3,2556.686666666667,174.85666666666668,-2.0,100.0,0,EXCELLENT_CLIENT
Emma Chevalier,2,1857.3999999999999,62.325,-2.5,100.0,0,EXCELLENT_CLIENT
Sebastien Chevalier,4,8669.337500000001,3468.875,51.25,0.0,2,1ST_DEGREE_BAD_CLIENT
Helene Dupont,2,724.46,45.465,-2.5,100.0,0,EXCELLENT_CLIENT
Marc Renaud,2,1115.325,93.195,1.0,0.0,0,AVERAGE_CLIENT
Marion Laurent,5,2677.9659999999994,470.154,141.4,20.0,1,AVERAGE_CLIENT
Louis David,3,8037.866666666668,3650.126666666667,40.0,0.0,2,1ST_DEGREE_BAD_CLIENT
Laura Dupont,3,4394.62,804.7433333333333,158.33333333333334,0.0,1,1ST_DEGREE_BAD_CLIENT
Jerome Robin,2,4142.33,462.495,66.5,0.0,1,1ST_DEGREE_BAD_CLIENT
Stephane Dubois,1,957.49,0.0,2.0,0.0,0,AVERAGE_CLIENT
Pierre Leclerc,1,2328.45,196.67,-5.0,100.0,0,EXCELLENT_CLIENT
Camille Faure,3,12566.720000000001,8678.826666666668,75.0,0.0,3,1ST_DEGREE_BAD_CLIENT
Sebastien Michel,3,1184.02,112.13666666666667,0.3333333333333333,33.33333333333333,0,AVERAGE_CLIENT
Luc Marchand,3,2854.286666666667,96.80666666666667,84.66666666666667,0.0,1,AVERAGE_CLIENT
Elodie Moreau,4,3031.0275,389.31,7.5,50.0,0,AVERAGE_CLIENT
Valerie Perrin,2,2042.31,55.965,-1.0,50.0,0,AVERAGE_CLIENT
Corinne Garcia,5,2718.44,441.32000000000005,141.0,40.0,1,AVERAGE_CLIENT
Paul Leclerc,3,1605.6266666666668,380.3766666666667,-3.0,100.0,0,EXCELLENT_CLIENT
Sebastien Robin,4,12011.345,7365.057500000001,42.75,0.0,2,1ST_DEGREE_BAD_CLIENT
Elodie Garcia,3,1375.8833333333332,235.02666666666667,-0.6666666666666666,66.66666666666666,0,1ST_DEGREE_BAD_CLIENT
Jean Gerard,2,1630.695,157.865,1.0,0.0,0,AVERAGE_CLIENT
Marc Moreau,2,2397.15,83.875,1.0,50.0,0,AVERAGE_CLIENT
Sebastien Laurent,5,7136.826000000001,3121.6099999999997,48.4,20.0,2,AVERAGE_CLIENT
Elodie Petit,5,1347.502,49.352000000000004,-1.6,60.0,0,AVERAGE_CLIENT
Emma Leclerc,3,1674.2266666666667,145.13666666666666,0.0,66.66666666666666,0,AVERAGE_CLIENT
Anne Perrin,3,3704.286666666667,112.66333333333334,2.3333333333333335,0.0,0,AVERAGE_CLIENT
Jerome Perrin,4,1062.3225,87.0,1.0,50.0,0,AVERAGE_CLIENT
Hugo Marchand,2,5359.035,1088.49,439.0,0.0,2,AVERAGE_CLIENT
Emma Brun,3,3288.4933333333333,693.8433333333334,173.0,66.66666666666666,1,AVERAGE_CLIENT
Celine Faure,3,2251.723333333333,0.0,-0.3333333333333333,66.66666666666666,0,AVERAGE_CLIENT
Alexandre Michel,2,3527.085,746.96,-2.0,100.0,0,EXCELLENT_CLIENT
Pierre Brun,5,8774.326000000001,3292.6059999999998,41.6,20.0,3,1ST_DEGREE_BAD_CLIENT
Elodie Marchand,4,3829.5675,516.0325,69.5,50.0,1,1ST_DEGREE_BAD_CLIENT
Antoine Brun,1,1664.76,376.73,-5.0,100.0,0,EXCELLENT_CLIENT
Jerome Philippe,3,3309.02,255.7833333333334,15.0,0.0,0,AVERAGE_CLIENT
Damien Guerin,4,2710.245,558.865,12.5,25.0,0,AVERAGE_CLIENT
Celine Morin,2,4825.1,2399.395,60.5,0.0,2,AVERAGE_CLIENT
Adrien Garcia,2,2311.76,11.065,-1.5,100.0,0,EXCELLENT_CLIENT
Thomas Lefevre,4,2084.4225,116.00500000000001,-2.75,75.0,0,EXCELLENT_CLIENT
Vincent Faure,3,665.1966666666667,55.26333333333334,0.6666666666666666,66.66666666666666,0,AVERAGE_CLIENT
Baptiste Philippe,2,2501.0350000000003,354.89,10.5,50.0,0,AVERAGE_CLIENT
Antoine Perrot,3,3232.0766666666664,390.3033333333333,238.66666666666666,0.0,1,AVERAGE_CLIENT
Nicolas Moreau,4,1621.4025,37.535,1.5,75.0,0,AVERAGE_CLIENT
Isabelle Gerard,8,3417.495,585.0625,71.625,37.5,1,AVERAGE_CLIENT
Paul Lefevre,6,8285.975,3135.6199999999994,58.333333333333336,0.0,6,AVERAGE_CLIENT
Claire Petit,4,1580.0425,0.0,0.0,75.0,0,AVERAGE_CLIENT
Camille Blanc,5,2494.996,280.71799999999996,266.0,20.0,2,AVERAGE_CLIENT
Emma Robin,4,2381.1075,285.0225,213.5,25.0,2,AVERAGE_CLIENT
Valerie Philippe,5,3041.136,522.462,15.8,40.0,1,AVERAGE_CLIENT
Aurelie Dupont,1,2710.56,959.38,1055.0,0.0,1,AVERAGE_CLIENT
Stephane David,3,2835.9,720.4399999999999,13.333333333333334,0.0,0,AVERAGE_CLIENT
Louis Garcia,3,973.1833333333334,0.0,-3.6666666666666665,100.0,0,EXCELLENT_CLIENT
Paul Martin,2,1717.9250000000002,71.35,-1.0,50.0,0,EXCELLENT_CLIENT
Nathalie Dupont,3,8352.946666666667,2640.806666666667,28.0,0.0,0,AVERAGE_CLIENT
Emma Rousseau,5,2645.3940000000002,451.122,236.2,0.0,3,AVERAGE_CLIENT
Isabelle Renaud,4,3206.55,512.5350000000001,311.25,50.0,2,AVERAGE_CLIENT
Nicolas David,1,2326.53,207.33,0.0,100.0,0,EXCELLENT_CLIENT
Stephane Bernard,2,5678.505,2757.52,411.0,0.0,1,EXCELLENT_CLIENT
Marc Marchand,4,2258.525,546.985,-1.5,75.0,0,EXCELLENT_CLIENT
Emma Lefevre,2,1318.955,59.834999999999994,-0.5,50.0,0,EXCELLENT_CLIENT
Manon Dubois,2,1269.615,14.17,1.0,50.0,0,AVERAGE_CLIENT
Luc Chevalier,2,4691.0650000000005,507.74,17.5,0.0,0,AVERAGE_CLIENT
Marion Brun,2,2452.63,206.41,1.0,50.0,0,AVERAGE_CLIENT
Amelie Chevalier,2,953.5799999999999,122.41,-3.5,100.0,0,EXCELLENT_CLIENT
Emma Muller,5,9548.422000000002,3909.304,48.0,0.0,3,1ST_DEGREE_BAD_CLIENT
Amelie Morin,2,2602.585,374.42,0.0,50.0,0,1ST_DEGREE_BAD_CLIENT
Sebastien Perrin,1,3232.89,439.54,-2.0,100.0,0,EXCELLENT_CLIENT
Camille Leclerc,7,2547.0499999999997,458.17,221.0,14.285714285714285,2,EXCELLENT_CLIENT
Camille Dupont,2,3251.745,459.915,18.0,50.0,0,AVERAGE_CLIENT
Jerome Masson,4,1752.6825,24.19,-1.0,75.0,0,AVERAGE_CLIENT
Paul Garcia,1,1710.6,9.27,-4.0,100.0,0,EXCELLENT_CLIENT
Damien Renaud,1,3140.16,0.0,1.0,0.0,0,AVERAGE_CLIENT
Laura Robin,4,1581.8,118.07749999999999,-3.5,100.0,0,EXCELLENT_CLIENT
Emma Martin,3,6430.360000000001,2831.86,257.0,0.0,3,EXCELLENT_CLIENT
Louis Leclerc,1,1879.2,118.79,0.0,100.0,0,EXCELLENT_CLIENT
Amelie Martin,2,1560.385,288.72,7.5,0.0,0,AVERAGE_CLIENT
Emma Masson,1,767.61,130.5,-4.0,100.0,0,EXCELLENT_CLIENT
Camille Masson,1,1696.81,618.49,33.0,0.0,0,AVERAGE_CLIENT
Hugo Rousseau,1,1549.77,302.7,18.0,0.0,0,AVERAGE_CLIENT
Pierre David,3,1665.3133333333335,31.939999999999998,-3.3333333333333335,100.0,0,EXCELLENT_CLIENT
Helene Muller,2,1272.185,221.11,-5.0,100.0,0,EXCELLENT_CLIENT
Pierre Perrin,1,4971.93,940.66,639.0,0.0,1,EXCELLENT_CLIENT
Stephane Blanc,5,9223.215999999999,3564.0520000000006,250.0,0.0,3,1ST_DEGREE_BAD_CLIENT
Vincent Chevalier,3,1647.18,198.8166666666667,-1.3333333333333333,66.66666666666666,0,1ST_DEGREE_BAD_CLIENT
Sarah Faure,2,1110.525,9.975,-1.0,50.0,0,1ST_DEGREE_BAD_CLIENT
Aurelie Dubois,2,2111.225,0.0,-1.5,100.0,0,EXCELLENT_CLIENT
Manon Moreau,2,599.86,26.89,11.5,0.0,0,AVERAGE_CLIENT
Julie Blanc,2,1285.415,56.6,-2.0,100.0,0,EXCELLENT_CLIENT
Pierre Perrot,5,2229.9000000000005,342.326,5.4,60.0,0,AVERAGE_CLIENT
Olivier Martin,1,1643.7,0.0,-1.0,100.0,0,EXCELLENT_CLIENT
Camille Muller,2,2026.89,0.0,-1.5,100.0,0,EXCELLENT_CLIENT
Valerie Martin,5,1224.466,22.634,-0.4,80.0,0,GOOD_CLIENT
Nicolas Laurent,3,1698.79,143.0,-2.3333333333333335,100.0,0,EXCELLENT_CLIENT
Laura Muller,1,7613.3,3304.67,62.0,0.0,1,EXCELLENT_CLIENT
Marc Morin,3,2139.21,221.67666666666665,24.666666666666668,0.0,1,EXCELLENT_CLIENT
Alexandre Rousseau,3,3094.9133333333334,444.58,75.33333333333333,0.0,1,EXCELLENT_CLIENT
Sophie Blanc,3,8515.056666666667,3782.156666666667,54.0,0.0,2,1ST_DEGREE_BAD_CLIENT
Sebastien Gauthier,2,3240.205,523.595,7.0,50.0,0,AVERAGE_CLIENT
Louis Morin,2,1920.995,0.0,-3.5,100.0,0,EXCELLENT_CLIENT
Amelie Leclerc,3,1504.426666666667,7.346666666666667,-2.6666666666666665,100.0,0,EXCELLENT_CLIENT
Aurelie Brun,3,10354.356666666667,5719.94,52.666666666666664,0.0,2,1ST_DEGREE_BAD_CLIENT
Marie Dubois,3,797.8466666666667,37.07333333333333,-2.0,66.66666666666666,0,1ST_DEGREE_BAD_CLIENT
Marion Muller,1,1844.43,0.0,-2.0,100.0,0,EXCELLENT_CLIENT
Marie Moreau,2,1702.255,36.595,-3.5,100.0,0,EXCELLENT_CLIENT
Stephane Chevalier,1,391.37,9.77,-4.0,100.0,0,EXCELLENT_CLIENT
Claire Rousseau,2,1240.065,4.17,-1.5,50.0,0,EXCELLENT_CLIENT
Paul Blanc,4,3354.6025,845.6525,208.75,25.0,1,EXCELLENT_CLIENT
Emma Guerin,2,979.1949999999999,11.5,-2.0,100.0,0,EXCELLENT_CLIENT
Valerie Blanc,1,902.59,0.0,-1.0,100.0,0,EXCELLENT_CLIENT
Amelie Gauthier,4,1480.8249999999998,201.535,-0.25,75.0,0,EXCELLENT_CLIENT
Anne Rousseau,3,3020.6299999999997,659.54,7.333333333333333,66.66666666666666,0,AVERAGE_CLIENT
Nicolas Faure,8,6066.1975,3984.0375,143.75,0.0,6,2ND_DEGREE_BAD_CLIENT
Luc Laurent,1,3882.26,622.02,33.0,0.0,0,AVERAGE_CLIENT
Jean Rousseau,2,5608.23,2263.71,37.5,0.0,1,AVERAGE_CLIENT
Marc Faure,6,3067.8216666666667,468.785,144.5,33.33333333333333,2,AVERAGE_CLIENT
Celine Garcia,2,1709.6750000000002,185.54000000000002,16.5,50.0,0,AVERAGE_CLIENT
Pierre Dubois,4,2781.4075,169.81,12.0,25.0,0,AVERAGE_CLIENT
Jean Leclerc,5,1731.1980000000003,186.62600000000003,-0.8,40.0,0,AVERAGE_CLIENT
Baptiste Brun,2,5575.09,1413.06,6.0,0.0,0,AVERAGE_CLIENT
Thomas Guerin,4,1136.1925,67.88999999999999,-1.25,75.0,0,AVERAGE_CLIENT
Sophie Michel,1,5785.01,886.51,-5.0,100.0,0,EXCELLENT_CLIENT
Hugo Bernard,5,3577.168,414.146,346.4,0.0,2,EXCELLENT_CLIENT
Damien Lefevre,4,3591.475,293.725,0.5,50.0,0,AVERAGE_CLIENT
Celine Lefevre,3,2297.4866666666667,82.84666666666666,-1.6666666666666667,66.66666666666666,0,AVERAGE_CLIENT
Sebastien Moreau,2,3090.605,710.1949999999999,-3.0,100.0,0,EXCELLENT_CLIENT
Helene Petit,4,3738.9975000000004,778.13,0.5,50.0,0,AVERAGE_CLIENT
Luc Faure,2,1881.385,168.67,1.0,50.0,0,AVERAGE_CLIENT
Jean Blanc,1,2021.83,0.0,-5.0,100.0,0,EXCELLENT_CLIENT
Valerie Lefevre,3,1295.1566666666668,58.343333333333334,-1.0,66.66666666666666,0,EXCELLENT_CLIENT
Isabelle Philippe,3,1926.61,92.56666666666666,-2.0,100.0,0,EXCELLENT_CLIENT
Anne Martin,4,7812.885,2506.815,48.0,0.0,2,EXCELLENT_CLIENT
Hugo Michel,3,2871.9599999999996,468.36999999999995,17.666666666666668,33.33333333333333,0,AVERAGE_CLIENT
Manon Chevalier,1,2131.2,271.73,18.0,0.0,0,AVERAGE_CLIENT
Antoine Leclerc,4,2886.4825,521.79,125.0,25.0,2,AVERAGE_CLIENT
Helene Moreau,3,2445.306666666667,466.08,-1.0,100.0,0,EXCELLENT_CLIENT
Aurelie Muller,1,7217.69,1993.12,22.0,0.0,0,AVERAGE_CLIENT
Louis Brun,3,3000.726666666667,433.71999999999997,15.333333333333334,33.33333333333333,0,AVERAGE_CLIENT
Amelie Michel,4,3490.7999999999997,671.3449999999999,6.25,50.0,0,AVERAGE_CLIENT
Alexandre Leclerc,2,1932.905,175.05,-1.5,100.0,0,EXCELLENT_CLIENT
Hugo Perrin,2,8676.64,4094.065,29.0,0.0,0,AVERAGE_CLIENT
Antoine Dubois,2,1546.53,6.5649999999999995,-2.0,100.0,0,EXCELLENT_CLIENT
Pierre Marchand,1,1498.13,0.0,2.0,0.0,0,AVERAGE_CLIENT
Julie Dupont,2,1240.81,0.0,-1.0,50.0,0,AVERAGE_CLIENT
Aurelie Masson,3,6905.1500000000015,2780.5166666666664,38.0,0.0,1,AVERAGE_CLIENT
Nicolas Masson,4,1192.8725,62.705,-1.25,75.0,0,AVERAGE_CLIENT
Helene Dubois,1,1797.1,0.0,2.0,0.0,0,AVERAGE_CLIENT
Sarah Philippe,3,841.7133333333335,101.62666666666667,0.0,66.66666666666666,0,AVERAGE_CLIENT
Elodie Philippe,7,3344.404285714286,489.57714285714286,13.142857142857142,0.0,1,AVERAGE_CLIENT
Hugo Faure,4,2486.4325,431.805,2.5,50.0,0,AVERAGE_CLIENT
Olivier Lefevre,4,3059.2,592.8225,-2.0,100.0,0,EXCELLENT_CLIENT
Thomas Laurent,2,3876.9300000000003,478.74,-1.0,100.0,0,EXCELLENT_CLIENT
Celine Gerard,2,3830.7349999999997,862.3299999999999,-1.5,50.0,0,EXCELLENT_CLIENT
Sarah Garcia,1,1695.83,0.0,-5.0,100.0,0,EXCELLENT_CLIENT
Nicolas Petit,3,7128.82,1938.2666666666667,49.333333333333336,0.0,1,EXCELLENT_CLIENT
Jean Faure,3,3986.356666666667,718.9966666666666,22.333333333333332,0.0,0,AVERAGE_CLIENT
Alexandre Muller,4,1988.185,244.20499999999998,10.5,0.0,0,AVERAGE_CLIENT
Aurelie Lefevre,1,4867.03,0.0,27.0,0.0,0,AVERAGE_CLIENT
Sarah Garnier,2,733.02,87.375,466.0,0.0,1,AVERAGE_CLIENT
Sarah Leclerc,3,2372.5499999999997,333.82666666666665,1.3333333333333333,33.33333333333333,0,AVERAGE_CLIENT
Amelie David,2,7710.5650000000005,2805.21,311.0,0.0,2,AVERAGE_CLIENT
Vincent Guerin,8,1640.8125,369.25749999999994,68.0,25.0,1,AVERAGE_CLIENT
Valerie Chevalier,2,2164.37,201.505,-1.0,50.0,0,AVERAGE_CLIENT
Adrien Philippe,2,9968.79,2553.56,56.5,0.0,2,AVERAGE_CLIENT
Manon Rousseau,2,5807.18,812.9,422.0,50.0,1,AVERAGE_CLIENT
Isabelle Blanc,3,1557.006666666667,153.91333333333333,-1.3333333333333333,66.66666666666666,0,AVERAGE_CLIENT
Damien Morin,4,1229.935,65.2975,0.0,50.0,0,AVERAGE_CLIENT
Damien Muller,3,2321.1766666666667,426.3333333333333,180.33333333333334,66.66666666666666,1,AVERAGE_CLIENT
Pierre Robin,3,1258.3799999999999,0.0,-0.3333333333333333,33.33333333333333,0,AVERAGE_CLIENT
Stephane Marchand,1,1559.22,0.0,-5.0,100.0,0,EXCELLENT_CLIENT
Luc Perrin,1,799.1,0.0,-5.0,100.0,0,EXCELLENT_CLIENT
Valerie Petit,2,992.4749999999999,0.0,0.0,50.0,0,EXCELLENT_CLIENT
Claire Faure,2,1970.2050000000002,429.935,42.0,0.0,0,AVERAGE_CLIENT
Nicolas Leclerc,6,14638.82,10154.391666666668,254.66666666666666,0.0,3,2ND_DEGREE_BAD_CLIENT
Helene Philippe,4,1577.57,95.1575,-2.75,100.0,0,EXCELLENT_CLIENT
Corinne Martin,2,1847.855,52.75,2.0,0.0,0,AVERAGE_CLIENT
Damien Michel,3,1554.2466666666667,70.2,0.3333333333333333,66.66666666666666,0,AVERAGE_CLIENT
Nathalie Robin,4,3327.7349999999997,586.9775,48.0,50.0,1,AVERAGE_CLIENT
Jean Robin,3,7845.459999999999,3083.6633333333334,37.0,0.0,0,AVERAGE_CLIENT
Nathalie Marchand,2,3014.23,447.65500000000003,0.5,50.0,0,AVERAGE_CLIENT
Aurelie Philippe,3,1778.01,183.17333333333332,-1.6666666666666667,66.66666666666666,0,AVERAGE_CLIENT
Sarah Rousseau,2,1202.25,234.57000000000002,-1.5,50.0,0,AVERAGE_CLIENT
Emma Gerard,3,3197.47,285.86333333333334,23.333333333333332,0.0,0,AVERAGE_CLIENT
Sarah Morin,1,803.49,0.0,-2.0,100.0,0,EXCELLENT_CLIENT
Marion Petit,1,2635.01,638.27,1.0,0.0,0,AVERAGE_CLIENT
Stephane Michel,3,1214.6833333333334,361.74,-1.3333333333333333,100.0,0,EXCELLENT_CLIENT
Sebastien Lefevre,3,10026.306666666665,4768.536666666667,52.0,0.0,3,1ST_DEGREE_BAD_CLIENT
Aurelie Gerard,3,3304.8566666666666,257.21,211.66666666666666,66.66666666666666,1,1ST_DEGREE_BAD_CLIENT
Jerome Muller,2,10.0,0.55,0.5,50.0,0,AVERAGE_CLIENT
Claire Philippe,2,3408.6800000000003,844.7850000000001,36.5,0.0,1,AVERAGE_CLIENT
Julie Brun,2,987.99,93.44,5.5,50.0,0,AVERAGE_CLIENT
Valerie Guerin,3,2801.603333333333,338.65666666666664,-1.3333333333333333,100.0,0,EXCELLENT_CLIENT
Vincent Dupont,7,6574.235714285714,2889.667142857143,37.57142857142857,14.285714285714285,4,EXCELLENT_CLIENT
Elodie Gauthier,3,3240.4133333333334,588.4366666666666,265.6666666666667,33.33333333333333,1,EXCELLENT_CLIENT
Isabelle Rousseau,3,2984.976666666667,1020.25,-1.3333333333333333,66.66666666666666,0,EXCELLENT_CLIENT
Vincent Robin,1,1807.97,144.38,-5.0,100.0,0,EXCELLENT_CLIENT
Vincent Garnier,3,2446.44,114.26333333333334,4.333333333333333,66.66666666666666,0,AVERAGE_CLIENT
Manon Garcia,3,1399.8533333333335,92.99666666666667,24.333333333333332,33.33333333333333,0,AVERAGE_CLIENT
Baptiste Masson,3,3161.7433333333333,256.48999999999995,12.333333333333334,0.0,0,AVERAGE_CLIENT
Luc Garcia,1,10.0,1.45,-4.0,100.0,0,EXCELLENT_CLIENT
Olivier Dubois,4,2873.6875,445.4675,212.75,0.0,1,EXCELLENT_CLIENT
Louis Moreau,3,5437.803333333333,329.75666666666666,236.0,0.0,1,EXCELLENT_CLIENT
Sarah Muller,1,546.38,0.88,1.0,0.0,0,AVERAGE_CLIENT
Laura Bernard,2,607.85,67.165,-1.5,50.0,0,AVERAGE_CLIENT
Nathalie Leclerc,3,2774.24,370.0833333333333,60.666666666666664,33.33333333333333,1,AVERAGE_CLIENT
Thomas Perrin,3,2103.03,73.46666666666667,-3.0,100.0,0,EXCELLENT_CLIENT
Nathalie Garcia,3,2021.42,242.01,-1.3333333333333333,66.66666666666666,0,EXCELLENT_CLIENT
Corinne Dupont,2,1069.8500000000001,0.125,-4.0,100.0,0,EXCELLENT_CLIENT
Vincent Rousseau,1,1958.02,465.63,1.0,0.0,0,AVERAGE_CLIENT
Pierre Laurent,4,1211.9575,45.75,-2.25,100.0,0,EXCELLENT_CLIENT
Marc Laurent,2,891.4350000000001,206.01999999999998,26.5,0.0,0,AVERAGE_CLIENT
Amelie Faure,5,1388.08,86.856,-2.2,80.0,0,GOOD_CLIENT
Stephane Muller,2,975.255,93.13499999999999,-3.0,100.0,0,EXCELLENT_CLIENT
Marie Petit,7,7673.3542857142875,3501.3728571428574,248.14285714285714,0.0,5,1ST_DEGREE_BAD_CLIENT
Elodie Laurent,1,1226.57,260.69,-3.0,100.0,0,EXCELLENT_CLIENT
Thomas Michel,2,2400.1800000000003,339.765,-2.5,100.0,0,EXCELLENT_CLIENT
Valerie Morin,1,1499.24,28.42,-5.0,100.0,0,EXCELLENT_CLIENT
Valerie David,2,677.685,124.015,7.0,50.0,0,AVERAGE_CLIENT
Camille Perrot,2,1913.055,200.2,-1.5,100.0,0,EXCELLENT_CLIENT
Pierre Blanc,3,1213.43,40.5,-0.3333333333333333,33.33333333333333,0,EXCELLENT_CLIENT
Helene David,2,2582.09,0.0,-0.5,50.0,0,EXCELLENT_CLIENT
Emma Gauthier,3,2487.923333333333,519.85,3.6666666666666665,33.33333333333333,0,AVERAGE_CLIENT
Marion Perrot,4,3871.6775000000002,401.3375,-1.25,75.0,0,AVERAGE_CLIENT
Marion Masson,3,1941.4966666666667,90.26666666666667,-1.0,100.0,0,EXCELLENT_CLIENT
Emma Perrin,1,703.39,44.92,-1.0,100.0,0,EXCELLENT_CLIENT
Adrien Laurent,2,1529.375,224.9,-2.0,100.0,0,EXCELLENT_CLIENT
Emma Laurent,2,3741.535,353.86,8.5,0.0,0,AVERAGE_CLIENT
Damien Dubois,3,3562.3799999999997,654.6766666666666,209.33333333333334,0.0,1,AVERAGE_CLIENT
Marc Garnier,2,1065.55,0.0,-1.5,100.0,0,EXCELLENT_CLIENT
Nicolas Perrot,3,3665.6666666666665,366.34,176.66666666666666,33.33333333333333,1,EXCELLENT_CLIENT
Corinne Gauthier,1,1172.25,0.0,0.0,100.0,0,EXCELLENT_CLIENT
Vincent Perrin,1,3968.82,136.99,3.0,0.0,0,AVERAGE_CLIENT
Sophie Dubois,1,1626.45,207.35,2.0,0.0,0,AVERAGE_CLIENT
Nathalie Bernard,2,3620.415,405.53499999999997,8.5,0.0,0,AVERAGE_CLIENT
Marie Philippe,1,3636.98,445.59,25.0,0.0,0,AVERAGE_CLIENT
Pierre Chevalier,1,2651.92,425.63,-1.0,100.0,0,EXCELLENT_CLIENT
Sophie Philippe,3,1424.3866666666665,216.26999999999998,7.666666666666667,0.0,0,AVERAGE_CLIENT
Baptiste Petit,1,1072.77,39.49,-2.0,100.0,0,EXCELLENT_CLIENT
Sebastien Garcia,2,3218.9449999999997,715.7,1.0,50.0,0,AVERAGE_CLIENT
Helene Perrot,2,9867.365,3035.925,48.0,0.0,1,AVERAGE_CLIENT
Marie Gauthier,4,2660.765,351.9525,1.5,50.0,0,AVERAGE_CLIENT
Anne Petit,1,1873.16,0.0,1.0,0.0,0,AVERAGE_CLIENT
Stephane Martin,1,4495.91,591.97,3.0,0.0,0,AVERAGE_CLIENT
Hugo Chevalier,1,1996.7,300.89,-2.0,100.0,0,EXCELLENT_CLIENT
Sebastien Muller,2,1543.465,0.0,0.0,50.0,0,EXCELLENT_CLIENT
Julie Gerard,1,678.13,139.73,681.0,0.0,1,EXCELLENT_CLIENT
Julie Faure,3,2012.6933333333334,57.29666666666666,-2.0,66.66666666666666,0,EXCELLENT_CLIENT
Corinne Leclerc,3,2862.816666666666,480.25,9.333333333333334,0.0,0,AVERAGE_CLIENT
Sebastien Bernard,2,228.49,5.63,-3.0,100.0,0,EXCELLENT_CLIENT
Isabelle Perrin,2,8635.064999999999,2804.73,294.5,0.0,2,EXCELLENT_CLIENT
Louis Dubois,2,8186.2,3897.0699999999997,436.0,0.0,2,1ST_DEGREE_BAD_CLIENT
Alexandre Chevalier,3,1014.6266666666667,91.03000000000002,-1.0,100.0,0,EXCELLENT_CLIENT
Helene Brun,2,1925.215,242.45,-2.0,100.0,0,EXCELLENT_CLIENT
Anne Garcia,1,2388.87,209.85,14.0,0.0,0,AVERAGE_CLIENT
Antoine Garnier,1,1282.68,29.59,-2.0,100.0,0,EXCELLENT_CLIENT
Julie Masson,3,1072.7966666666666,42.39,-2.3333333333333335,100.0,0,EXCELLENT_CLIENT
Isabelle Robin,3,3751.713333333333,1026.8933333333332,18.0,33.33333333333333,1,EXCELLENT_CLIENT
Isabelle Chevalier,1,388.53,28.37,11.0,0.0,0,AVERAGE_CLIENT
Elodie Garnier,2,1458.065,65.89999999999999,11.0,50.0,0,AVERAGE_CLIENT
Sophie David,3,4122.516666666666,803.7366666666667,10.0,33.33333333333333,0,AVERAGE_CLIENT
Nicolas Michel,3,4901.903333333333,1073.0766666666666,19.666666666666668,0.0,0,AVERAGE_CLIENT
Aurelie Leclerc,3,1499.2,327.34666666666664,3.3333333333333335,66.66666666666666,0,AVERAGE_CLIENT
Marc Brun,3,2090.52,31.97,-2.6666666666666665,66.66666666666666,0,AVERAGE_CLIENT
Luc Michel,2,2105.575,20.225,0.5,50.0,0,AVERAGE_CLIENT
Marion Chevalier,2,2709.725,734.85,21.5,0.0,0,AVERAGE_CLIENT
Alexandre Robin,1,1315.79,0.0,-4.0,100.0,0,EXCELLENT_CLIENT
Marion Blanc,1,4368.08,746.17,68.0,0.0,1,EXCELLENT_CLIENT
Aurelie Blanc,1,9146.92,3020.11,43.0,0.0,0,AVERAGE_CLIENT
Manon Philippe,2,717.8799999999999,11.895,6.0,0.0,0,AVERAGE_CLIENT
Anne Perrot,2,9371.19,4079.3199999999997,42.0,0.0,1,1ST_DEGREE_BAD_CLIENT
Elodie Dupont,3,8158.713333333334,2417.2400000000002,45.0,0.0,2,1ST_DEGREE_BAD_CLIENT
Nicolas Brun,3,1767.5666666666666,405.02,173.66666666666666,0.0,1,1ST_DEGREE_BAD_CLIENT
Isabelle Marchand,1,10.0,0.0,-4.0,100.0,0,EXCELLENT_CLIENT
Laura Lefevre,2,2277.525,0.0,-5.0,100.0,0,EXCELLENT_CLIENT
Pierre Garnier,3,3176.2533333333326,364.8533333333334,16.0,33.33333333333333,0,AVERAGE_CLIENT
Romain Morin,1,1262.52,42.29,0.0,100.0,0,EXCELLENT_CLIENT
Paul Bernard,1,793.82,69.88,-5.0,100.0,0,EXCELLENT_CLIENT
Aurelie Moreau,3,4333.613333333334,575.8533333333334,20.666666666666668,0.0,0,AVERAGE_CLIENT
Sebastien Garnier,1,2714.03,267.86,28.0,0.0,0,AVERAGE_CLIENT
Pierre Rousseau,1,4454.36,1667.08,471.0,0.0,1,AVERAGE_CLIENT
Elodie Bernard,2,1526.975,72.925,-4.5,100.0,0,EXCELLENT_CLIENT
Paul Rousseau,2,2004.295,64.425,0.5,50.0,0,AVERAGE_CLIENT
Julie Marchand,1,3675.98,755.99,1.0,0.0,0,AVERAGE_CLIENT
Manon Masson,1,958.4,134.21,-5.0,100.0,0,EXCELLENT_CLIENT
Pierre Guerin,2,2459.54,493.90999999999997,-4.5,100.0,0,EXCELLENT_CLIENT
Baptiste Laurent,2,2207.915,5.93,0.5,50.0,0,AVERAGE_CLIENT
Adrien David,1,1655.66,253.4,464.0,0.0,1,AVERAGE_CLIENT
Nicolas Chevalier,1,1112.03,86.23,2.0,0.0,0,AVERAGE_CLIENT
Thomas Perrot,2,1730.435,0.0,-2.5,100.0,0,EXCELLENT_CLIENT
Helene Garcia,1,1304.1,149.92,1.0,0.0,0,AVERAGE_CLIENT
Louis Guerin,2,2606.3900000000003,322.56,-0.5,50.0,0,AVERAGE_CLIENT
Celine Blanc,3,1626.83,178.89999999999998,0.3333333333333333,66.66666666666666,0,AVERAGE_CLIENT
Emma Marchand,1,2196.55,163.81,-1.0,100.0,0,EXCELLENT_CLIENT
Sophie Laurent,1,3408.85,301.72,705.0,0.0,1,EXCELLENT_CLIENT
Julie Michel,1,17388.48,9377.7,34.0,0.0,0,AVERAGE_CLIENT
Damien Perrot,1,3888.06,486.02,19.0,0.0,0,AVERAGE_CLIENT
Marion Guerin,2,493.7,5.7,2.0,0.0,0,AVERAGE_CLIENT
Luc Blanc,1,1219.77,0.0,-1.0,100.0,0,EXCELLENT_CLIENT
Claire Martin,2,4815.425,850.86,25.0,0.0,0,AVERAGE_CLIENT
Camille Lefevre,1,3793.52,590.63,-1.0,100.0,0,EXCELLENT_CLIENT
Marc Perrot,3,1814.1866666666667,97.80666666666667,-1.6666666666666667,66.66666666666666,0,EXCELLENT_CLIENT
Romain Marchand,1,1630.0,0.0,1.0,0.0,0,AVERAGE_CLIENT
Claire Garcia,2,3069.98,488.095,3.0,0.0,0,AVERAGE_CLIENT
Louis Blanc,1,5271.42,1023.34,174.0,0.0,1,AVERAGE_CLIENT
Nicolas Philippe,1,3156.73,38.99,14.0,0.0,0,AVERAGE_CLIENT
Jean Muller,1,1985.85,125.39,-2.0,100.0,0,EXCELLENT_CLIENT
Marion Morin,2,1566.95,40.52,-1.5,50.0,0,EXCELLENT_CLIENT
Marion Robin,1,1658.26,0.0,0.0,100.0,0,EXCELLENT_CLIENT
Antoine Marchand,1,1599.02,0.0,-1.0,100.0,0,EXCELLENT_CLIENT
Anne Muller,1,2192.13,203.9,1.0,0.0,0,AVERAGE_CLIENT
Valerie Gauthier,2,916.75,82.52000000000001,-2.0,100.0,0,EXCELLENT_CLIENT
Nathalie David,1,689.42,0.0,4.0,0.0,0,AVERAGE_CLIENT
Romain Dubois,1,2045.99,59.29,-3.0,100.0,0,EXCELLENT_CLIENT
Manon Faure,1,7317.26,2731.85,42.0,0.0,0,AVERAGE_CLIENT
Sebastien Gerard,1,2074.62,0.0,1.0,0.0,0,AVERAGE_CLIENT
Claire Perrot,3,1166.17,131.92666666666668,-1.6666666666666667,100.0,0,EXCELLENT_CLIENT
Luc David,1,653.11,0.0,1.0,0.0,0,AVERAGE_CLIENT
Sebastien David,1,1518.53,267.07,-5.0,100.0,0,EXCELLENT_CLIENT
Nicolas Martin,1,1277.37,0.0,13.0,0.0,0,AVERAGE_CLIENT
Claire Leclerc,1,3658.59,839.62,40.0,0.0,0,AVERAGE_CLIENT
Corinne Dubois,1,4928.64,735.52,584.0,0.0,1,AVERAGE_CLIENT
Amelie Moreau,1,3196.73,398.86,15.0,0.0,0,AVERAGE_CLIENT
Sophie Leclerc,1,1287.39,22.84,-2.0,100.0,0,EXCELLENT_CLIENT
Corinne Philippe,1,7754.45,3494.15,-3.0,100.0,0,EXCELLENT_CLIENT
Laura Morin,1,1015.09,507.13,1.0,0.0,0,AVERAGE_CLIENT
Stephane Rousseau,1,705.66,67.92,-1.0,100.0,0,EXCELLENT_CLIENT
Thomas Morin,2,2060.17,246.55,-3.5,100.0,0,EXCELLENT_CLIENT
Olivier Garcia,1,1433.25,0.0,-4.0,100.0,0,EXCELLENT_CLIENT
Marie Guerin,1,2793.56,848.51,2.0,0.0,0,AVERAGE_CLIENT
Anne Faure,1,349.07,0.0,23.0,0.0,0,AVERAGE_CLIENT
Baptiste Morin,1,1935.21,69.98,0.0,100.0,0,EXCELLENT_CLIENT
Amelie Dubois,1,1619.27,182.93,-3.0,100.0,0,EXCELLENT_CLIENT
